#
# There is insufficient memory for the Java Runtime Environment to continue.
# Native memory allocation (mmap) failed to map 186646528 bytes. Error detail: G1 virtual space
# Possible reasons:
#   The system is out of physical RAM or swap space
#   This process is running with CompressedOops enabled, and the Java Heap may be blocking the growth of the native heap
# Possible solutions:
#   Reduce memory load on the system
#   Increase physical memory or swap space
#   Check if swap backing store is full
#   Decrease Java heap size (-Xmx/-Xms)
#   Decrease number of Java threads
#   Decrease Java thread stack sizes (-Xss)
#   Set larger code cache with -XX:ReservedCodeCacheSize=
#   JVM is running with Unscaled Compressed Oops mode in which the Java heap is
#     placed in the first 4GB address space. The Java Heap base address is the
#     maximum limit for the native heap growth. Please use -XX:HeapBaseMinAddress
#     to set the Java Heap base and to place the Java Heap above 4GB virtual address.
# This output file may be truncated or incomplete.
#
#  Out of Memory Error (os_windows.cpp:3613), pid=23104, tid=48732
#
# JRE version: OpenJDK Runtime Environment Temurin-17.0.11+9 (17.0.11+9) (build 17.0.11+9)
# Java VM: OpenJDK 64-Bit Server VM Temurin-17.0.11+9 (17.0.11+9, mixed mode, sharing, tiered, compressed oops, compressed class ptrs, g1 gc, windows-amd64)
# No core dump will be written. Minidumps are not enabled by default on client versions of Windows
#

---------------  S U M M A R Y ------------

Command Line: --add-opens=java.base/java.lang=ALL-UNNAMED --add-opens=java.base/java.lang.invoke=ALL-UNNAMED --add-opens=java.base/java.util=ALL-UNNAMED --add-opens=java.prefs/java.util.prefs=ALL-UNNAMED --add-exports=jdk.compiler/com.sun.tools.javac.api=ALL-UNNAMED --add-exports=jdk.compiler/com.sun.tools.javac.util=ALL-UNNAMED --add-opens=java.base/java.util=ALL-UNNAMED --add-opens=java.prefs/java.util.prefs=ALL-UNNAMED --add-opens=java.base/java.nio.charset=ALL-UNNAMED --add-opens=java.base/java.net=ALL-UNNAMED --add-opens=java.base/java.util.concurrent.atomic=ALL-UNNAMED --add-opens=java.xml/javax.xml.namespace=ALL-UNNAMED -XX:MaxMetaspaceSize=512m -Xmx2048m -Dfile.encoding=windows-1252 -Duser.country=IN -Duser.language=en -Duser.variant -javaagent:C:\Users\ASUS\.gradle\wrapper\dists\gradle-8.13-bin\5xuhj0ry160q40clulazy9h7d\gradle-8.13\lib\agents\gradle-instrumentation-agent-8.13.jar org.gradle.launcher.daemon.bootstrap.GradleDaemon 8.13

Host: AMD Ryzen 7 6800H with Radeon Graphics         , 16 cores, 15G,  Windows 11 , 64 bit Build 26100 (10.0.26100.4484)
Time: Sun Aug  3 15:55:22 2025 India Standard Time elapsed time: 326.967171 seconds (0d 0h 5m 26s)

---------------  T H R E A D  ---------------

Current thread (0x000001ebaef36da0):  VMThread "VM Thread" [stack: 0x0000002bb6700000,0x0000002bb6800000] [id=48732]

Stack: [0x0000002bb6700000,0x0000002bb6800000]
Native frames: (J=compiled Java code, j=interpreted, Vv=VM code, C=native code)
V  [jvm.dll+0x67d429]
V  [jvm.dll+0x834b7a]
V  [jvm.dll+0x83663e]
V  [jvm.dll+0x836ca3]
V  [jvm.dll+0x247dbf]
V  [jvm.dll+0x67a269]
V  [jvm.dll+0x66ecda]
V  [jvm.dll+0x30797b]
V  [jvm.dll+0x30ee26]
V  [jvm.dll+0x35e80e]
V  [jvm.dll+0x35ea3f]
V  [jvm.dll+0x2de6b8]
V  [jvm.dll+0x2dcac4]
V  [jvm.dll+0x2dc0cc]
V  [jvm.dll+0x31facb]
V  [jvm.dll+0x83b19b]
V  [jvm.dll+0x83bed2]
V  [jvm.dll+0x83c3ed]
V  [jvm.dll+0x83c7c4]
V  [jvm.dll+0x83c890]
V  [jvm.dll+0x7e410a]
V  [jvm.dll+0x67c315]
C  [ucrtbase.dll+0x37b0]
C  [KERNEL32.DLL+0x2e8d7]
C  [ntdll.dll+0x3c34c]

VM_Operation (0x0000002bca9fe710): G1CollectForAllocation, mode: safepoint, requested by thread 0x000001ebe0ae2680


---------------  P R O C E S S  ---------------

Threads class SMR info:
_java_thread_list=0x000001ebddd20310, length=315, elements={
0x000001eb90ae58a0, 0x000001ebaef3b610, 0x000001ebaef3dc60, 0x000001ebaef53970,
0x000001ebaef54240, 0x000001ebaef55680, 0x000001ebaef57260, 0x000001ebaef59170,
0x000001ebaef5f440, 0x000001ebaef5fd50, 0x000001ebafc9ba00, 0x000001ebafd9ff00,
0x000001ebcfc7a570, 0x000001ebd076fec0, 0x000001ebd1310630, 0x000001ebd157e9d0,
0x000001ebd155fd60, 0x000001ebd13ce480, 0x000001ebd13cda60, 0x000001ebd13cd550,
0x000001ebd13cf3b0, 0x000001ebd13d02e0, 0x000001ebd13d07f0, 0x000001ebd13ce990,
0x000001ebd13d0d00, 0x000001ebd13cfdd0, 0x000001ebd13cdf70, 0x000001ebd13ceea0,
0x000001ebd2fa1170, 0x000001ebd2fa20a0, 0x000001ebd2fa25b0, 0x000001ebd2fa2ac0,
0x000001ebd2fa0c60, 0x000001ebd2fa0750, 0x000001ebd2fa4410, 0x000001ebd2fa1680,
0x000001ebd2fa5340, 0x000001ebd2fa1b90, 0x000001ebd2fa6270, 0x000001ebd2fa5850,
0x000001ebd2fa5d60, 0x000001ebd2fa6780, 0x000001ebd2fa6c90, 0x000001ebd2fa7bc0,
0x000001ebd2fa71a0, 0x000001ebd2fa76b0, 0x000001ebd38f09e0, 0x000001ebd38ef090,
0x000001ebd38ef5a0, 0x000001ebd38f04d0, 0x000001ebd38efab0, 0x000001ebd38ed230,
0x000001ebd38eeb80, 0x000001ebd38f0ef0, 0x000001ebd38ee160, 0x000001ebd38ed740,
0x000001ebd38f1400, 0x000001ebd38ee670, 0x000001ebd38edc50, 0x000001ebd38f1910,
0x000001ebd38effc0, 0x000001ebd38f2330, 0x000001ebd38f3770, 0x000001ebd38f3c80,
0x000001ebd38f3260, 0x000001ebd38f4190, 0x000001ebd38f2d50, 0x000001ebd38f2840,
0x000001ebd38f46a0, 0x000001ebd38f4bb0, 0x000001ebd38f1e20, 0x000001ebd2471240,
0x000001ebd2470820, 0x000001ebd246e9c0, 0x000001ebd2470d30, 0x000001ebd246f3e0,
0x000001ebd246e4b0, 0x000001ebd246f8f0, 0x000001ebd246eed0, 0x000001ebd246fe00,
0x000001ebd2470310, 0x000001ebd2471750, 0x000001ebd246dfa0, 0x000001ebd24730a0,
0x000001ebd2472170, 0x000001ebd24749f0, 0x000001ebd2472680, 0x000001ebd2473ac0,
0x000001ebd2472b90, 0x000001ebd2471c60, 0x000001ebd2473fd0, 0x000001ebd24744e0,
0x000001ebd2475920, 0x000001ebd2c0c060, 0x000001ebd2c0d4a0, 0x000001ebd2c0fd20,
0x000001ebd2c0edf0, 0x000001ebd2c0dec0, 0x000001ebd2c0e3d0, 0x000001ebd2c0d9b0,
0x000001ebd2c0e8e0, 0x000001ebd2c0f300, 0x000001ebd2c0cf90, 0x000001ebd2c0f810,
0x000001ebd2c0c570, 0x000001ebd2c10230, 0x000001ebd2c0ca80, 0x000001ebd2c12fc0,
0x000001ebd2c11670, 0x000001ebd2c11160, 0x000001ebd2c11b80, 0x000001ebd2c12090,
0x000001ebd2c125a0, 0x000001ebd2c10c50, 0x000001ebd2c12ab0, 0x000001ebd2c139e0,
0x000001ebd2c134d0, 0x000001ebd2c10740, 0x000001ebafc0bed0, 0x000001ebafc0e750,
0x000001ebafc0c3e0, 0x000001ebafc0c8f0, 0x000001ebafc0ce00, 0x000001ebafc0d310,
0x000001ebafc0b9c0, 0x000001ebafc0d820, 0x000001ebafc0dd30, 0x000001ebafc0afa0,
0x000001ebafc0e240, 0x000001ebafc0ec60, 0x000001ebafc0b4b0, 0x000001ebafc0fb90,
0x000001ebafc11f00, 0x000001ebafc12920, 0x000001ebafc119f0, 0x000001ebafc114e0,
0x000001ebafc10fd0, 0x000001ebafc105b0, 0x000001ebafc10ac0, 0x000001ebafc0f680,
0x000001ebafc100a0, 0x000001ebd2fa39f0, 0x000001ebd6cffc30, 0x000001ebd6d00b60,
0x000001ebd6d01070, 0x000001ebd6d00140, 0x000001ebd6d01a90, 0x000001ebd6d00650,
0x000001ebd6d024b0, 0x000001ebd6cfed00, 0x000001ebd6d029c0, 0x000001ebd6cff210,
0x000001ebd6d02ed0, 0x000001ebd6d05240, 0x000001ebd6d038f0, 0x000001ebd6d05c60,
0x000001ebd6d06170, 0x000001ebd5232850, 0x000001ebd52304e0, 0x000001ebd522ffd0,
0x000001ebd5231e30, 0x000001ebd5232d60, 0x000001ebd5233270, 0x000001ebd5233780,
0x000001ebd5233c90, 0x000001ebd52341a0, 0x000001ebd52309f0, 0x000001ebd52346b0,
0x000001ebd5232340, 0x000001ebd5230f00, 0x000001ebd5234bc0, 0x000001ebd5231410,
0x000001ebd52350d0, 0x000001ebd5231920, 0x000001ebd52355e0, 0x000001ebd5237950,
0x000001ebd5235af0, 0x000001ebd5236000, 0x000001ebd5236510, 0x000001ebd5236a20,
0x000001ebd5237440, 0x000001ebd5236f30, 0x000001ebd050e6f0, 0x000001ebd050f110,
0x000001ebd050c380, 0x000001ebd050d7c0, 0x000001ebd050f620, 0x000001ebd050be70,
0x000001ebd0510040, 0x000001ebd050fb30, 0x000001ebd050d2b0, 0x000001ebd050ec00,
0x000001ebd050c890, 0x000001ebd0510550, 0x000001ebd050dcd0, 0x000001ebd050cda0,
0x000001ebd050e1e0, 0x000001ebd0511ea0, 0x000001ebd0510a60, 0x000001ebd0511480,
0x000001ebd0510f70, 0x000001ebd05137f0, 0x000001ebd05123b0, 0x000001ebd0511990,
0x000001ebd05128c0, 0x000001ebd0512dd0, 0x000001ebd05132e0, 0x000001ebd381ab60,
0x000001ebd381b070, 0x000001ebd381c4b0, 0x000001ebd381ba90, 0x000001ebd381bfa0,
0x000001ebd381a140, 0x000001ebd381c9c0, 0x000001ebd381a650, 0x000001ebd381ed30,
0x000001ebd381b580, 0x000001ebd381f240, 0x000001ebd381fc60, 0x000001ebd3820170,
0x000001ebd381f750, 0x000001ebd381e310, 0x000001ebd3820b90, 0x000001ebd3820680,
0x000001ebd38210a0, 0x000001ebd381d8f0, 0x000001ebd38215b0, 0x000001ebd3821ac0,
0x000001ebcf9f6a50, 0x000001ebcf9f6540, 0x000001ebcf9f5100, 0x000001ebcf9f46e0,
0x000001ebcf9f7470, 0x000001ebcf9f7e90, 0x000001ebcf9f6030, 0x000001ebcf9f92d0,
0x000001ebcf9fa200, 0x000001ebcf9f88b0, 0x000001ebcf9f97e0, 0x000001ebcf9f8dc0,
0x000001ebcf9fca80, 0x000001ebcf9fa710, 0x000001ebcf9fdec0, 0x000001ebcf9fe8e0,
0x000001ebcf9fb130, 0x000001ebcf9ffd20, 0x000001ebcf9fedf0, 0x000001ebcf9fcf90,
0x000001ebcfa01b80, 0x000001ebcf9ff300, 0x000001ebcfa02090, 0x000001ebcfa025a0,
0x000001ebd6e504d0, 0x000001ebd6e54190, 0x000001ebd6e56f20, 0x000001ebd6e54bb0,
0x000001ebd6e550c0, 0x000001ebd6e57430, 0x000001ebd6e58360, 0x000001ebd6e58d80,
0x000001ebd6e555d0, 0x000001ebd6d01fa0, 0x000001ebd6cfe7f0, 0x000001ebcf9f7980,
0x000001ebcf9fc060, 0x000001ebcf9fac20, 0x000001ebcf9fd9b0, 0x000001ebd2fa2fd0,
0x000001ebd2fa0240, 0x000001ebd6e4a9b0, 0x000001ebd6e58870, 0x000001ebd6e55ae0,
0x000001ebd2475410, 0x000001ebe0adb210, 0x000001ebe0ad7a60, 0x000001ebe0ada7f0,
0x000001ebe0adad00, 0x000001ebe0ad8480, 0x000001ebe0ad8990, 0x000001ebe0ad9dd0,
0x000001ebe0ad7f70, 0x000001ebe0ada2e0, 0x000001ebe0adbc30, 0x000001ebe0adc140,
0x000001ebe0adc650, 0x000001ebe0ad8ea0, 0x000001ebe0ad93b0, 0x000001ebe0adeed0,
0x000001ebe0adf8f0, 0x000001ebe0ae2680, 0x000001ebe0ae1240, 0x000001ebe0ae0d30,
0x000001ebe0ade4b0, 0x000001ebe0adcb60, 0x000001ebe0ae1c60, 0x000001ebde50d880,
0x000001ebdd21ace0, 0x000001ebdfc6d4d0, 0x000001ebdc06eaf0, 0x000001ebde50ddd0,
0x000001ebd6e4b8e0, 0x000001ebd6e57940, 0x000001ebd6e57e50, 0x000001ebd6e546a0,
0x000001ebd2fa3f00, 0x000001ebd2fa4e30, 0x000001ebd6cff720, 0x000001ebd6d04820,
0x000001ebe0ae6340, 0x000001ebcf9f41d0, 0x000001ebd2474f00, 0x000001ebd381e820,
0x000001ebe867a490, 0x000001ebd70162b0, 0x000001ebe8679560
}
_to_delete_list=0x000001ebe00262e0, length=317, elements={
0x000001eb90ae58a0, 0x000001ebaef3b610, 0x000001ebaef3dc60, 0x000001ebaef53970,
0x000001ebaef54240, 0x000001ebaef55680, 0x000001ebaef57260, 0x000001ebaef59170,
0x000001ebaef5f440, 0x000001ebaef5fd50, 0x000001ebafc9ba00, 0x000001ebafd9ff00,
0x000001ebcfc7a570, 0x000001ebd076fec0, 0x000001ebd1310630, 0x000001ebd157e9d0,
0x000001ebd155fd60, 0x000001ebd13ce480, 0x000001ebd13cda60, 0x000001ebd13cd550,
0x000001ebd13cf3b0, 0x000001ebd13d02e0, 0x000001ebd13d07f0, 0x000001ebd13ce990,
0x000001ebd13d0d00, 0x000001ebd13cfdd0, 0x000001ebd13cdf70, 0x000001ebd13ceea0,
0x000001ebd2fa1170, 0x000001ebd2fa20a0, 0x000001ebd2fa25b0, 0x000001ebd2fa2ac0,
0x000001ebd2fa0c60, 0x000001ebd2fa0750, 0x000001ebd2fa4410, 0x000001ebd2fa1680,
0x000001ebd2fa5340, 0x000001ebd2fa1b90, 0x000001ebd2fa6270, 0x000001ebd2fa5850,
0x000001ebd2fa5d60, 0x000001ebd2fa6780, 0x000001ebd2fa6c90, 0x000001ebd2fa7bc0,
0x000001ebd2fa71a0, 0x000001ebd2fa76b0, 0x000001ebd38f09e0, 0x000001ebd38ef090,
0x000001ebd38ef5a0, 0x000001ebd38f04d0, 0x000001ebd38efab0, 0x000001ebd38ed230,
0x000001ebd38eeb80, 0x000001ebd38f0ef0, 0x000001ebd38ee160, 0x000001ebd38ed740,
0x000001ebd38f1400, 0x000001ebd38ee670, 0x000001ebd38edc50, 0x000001ebd38f1910,
0x000001ebd38effc0, 0x000001ebd38f2330, 0x000001ebd38f3770, 0x000001ebd38f3c80,
0x000001ebd38f3260, 0x000001ebd38f4190, 0x000001ebd38f2d50, 0x000001ebd38f2840,
0x000001ebd38f46a0, 0x000001ebd38f4bb0, 0x000001ebd38f1e20, 0x000001ebd2471240,
0x000001ebd2470820, 0x000001ebd246e9c0, 0x000001ebd2470d30, 0x000001ebd246f3e0,
0x000001ebd246e4b0, 0x000001ebd246f8f0, 0x000001ebd246eed0, 0x000001ebd246fe00,
0x000001ebd2470310, 0x000001ebd2471750, 0x000001ebd246dfa0, 0x000001ebd24730a0,
0x000001ebd2472170, 0x000001ebd24749f0, 0x000001ebd2472680, 0x000001ebd2473ac0,
0x000001ebd2472b90, 0x000001ebd2471c60, 0x000001ebd2473fd0, 0x000001ebd24744e0,
0x000001ebd2475920, 0x000001ebd2c0c060, 0x000001ebd2c0d4a0, 0x000001ebd2c0fd20,
0x000001ebd2c0edf0, 0x000001ebd2c0dec0, 0x000001ebd2c0e3d0, 0x000001ebd2c0d9b0,
0x000001ebd2c0e8e0, 0x000001ebd2c0f300, 0x000001ebd2c0cf90, 0x000001ebd2c0f810,
0x000001ebd2c0c570, 0x000001ebd2c10230, 0x000001ebd2c0ca80, 0x000001ebd2c12fc0,
0x000001ebd2c11670, 0x000001ebd2c11160, 0x000001ebd2c11b80, 0x000001ebd2c12090,
0x000001ebd2c125a0, 0x000001ebd2c10c50, 0x000001ebd2c12ab0, 0x000001ebd2c139e0,
0x000001ebd2c134d0, 0x000001ebd2c10740, 0x000001ebafc0bed0, 0x000001ebafc0e750,
0x000001ebafc0c3e0, 0x000001ebafc0c8f0, 0x000001ebafc0ce00, 0x000001ebafc0d310,
0x000001ebafc0b9c0, 0x000001ebafc0d820, 0x000001ebafc0dd30, 0x000001ebafc0afa0,
0x000001ebafc0e240, 0x000001ebafc0ec60, 0x000001ebafc0b4b0, 0x000001ebafc0fb90,
0x000001ebafc11f00, 0x000001ebafc12920, 0x000001ebafc119f0, 0x000001ebafc114e0,
0x000001ebafc10fd0, 0x000001ebafc105b0, 0x000001ebafc10ac0, 0x000001ebafc0f680,
0x000001ebafc100a0, 0x000001ebd2fa39f0, 0x000001ebd6cffc30, 0x000001ebd6d00b60,
0x000001ebd6d01070, 0x000001ebd6d00140, 0x000001ebd6d01a90, 0x000001ebd6d00650,
0x000001ebd6d024b0, 0x000001ebd6cfed00, 0x000001ebd6d029c0, 0x000001ebd6cff210,
0x000001ebd6d02ed0, 0x000001ebd6d05240, 0x000001ebd6d038f0, 0x000001ebd6d05c60,
0x000001ebd6d06170, 0x000001ebd5232850, 0x000001ebd52304e0, 0x000001ebd522ffd0,
0x000001ebd5231e30, 0x000001ebd5232d60, 0x000001ebd5233270, 0x000001ebd5233780,
0x000001ebd5233c90, 0x000001ebd52341a0, 0x000001ebd52309f0, 0x000001ebd52346b0,
0x000001ebd5232340, 0x000001ebd5230f00, 0x000001ebd5234bc0, 0x000001ebd5231410,
0x000001ebd52350d0, 0x000001ebd5231920, 0x000001ebd52355e0, 0x000001ebd5237950,
0x000001ebd5235af0, 0x000001ebd5236000, 0x000001ebd5236510, 0x000001ebd5236a20,
0x000001ebd5237440, 0x000001ebd5236f30, 0x000001ebd050e6f0, 0x000001ebd050f110,
0x000001ebd050c380, 0x000001ebd050d7c0, 0x000001ebd050f620, 0x000001ebd050be70,
0x000001ebd0510040, 0x000001ebd050fb30, 0x000001ebd050d2b0, 0x000001ebd050ec00,
0x000001ebd050c890, 0x000001ebd0510550, 0x000001ebd050dcd0, 0x000001ebd050cda0,
0x000001ebd050e1e0, 0x000001ebd0511ea0, 0x000001ebd0510a60, 0x000001ebd0511480,
0x000001ebd0510f70, 0x000001ebd05137f0, 0x000001ebd05123b0, 0x000001ebd0511990,
0x000001ebd05128c0, 0x000001ebd0512dd0, 0x000001ebd05132e0, 0x000001ebd381ab60,
0x000001ebd381b070, 0x000001ebd381c4b0, 0x000001ebd381ba90, 0x000001ebd381bfa0,
0x000001ebd381a140, 0x000001ebd381c9c0, 0x000001ebd381a650, 0x000001ebd381ed30,
0x000001ebd381b580, 0x000001ebd381f240, 0x000001ebd381fc60, 0x000001ebd3820170,
0x000001ebd381f750, 0x000001ebd381e310, 0x000001ebd3820b90, 0x000001ebd3820680,
0x000001ebd38210a0, 0x000001ebd381d8f0, 0x000001ebd38215b0, 0x000001ebd3821ac0,
0x000001ebcf9f6a50, 0x000001ebcf9f6540, 0x000001ebcf9f5100, 0x000001ebcf9f46e0,
0x000001ebcf9f7470, 0x000001ebcf9f7e90, 0x000001ebcf9f6030, 0x000001ebcf9f92d0,
0x000001ebcf9fa200, 0x000001ebcf9f88b0, 0x000001ebcf9f97e0, 0x000001ebcf9f8dc0,
0x000001ebcf9fca80, 0x000001ebcf9fa710, 0x000001ebcf9fdec0, 0x000001ebcf9fe8e0,
0x000001ebcf9fb130, 0x000001ebcf9ffd20, 0x000001ebcf9fedf0, 0x000001ebcf9fcf90,
0x000001ebcfa01b80, 0x000001ebcf9ff300, 0x000001ebcfa02090, 0x000001ebcfa025a0,
0x000001ebd6e504d0, 0x000001ebd6e54190, 0x000001ebd6e56f20, 0x000001ebd6e54bb0,
0x000001ebd6e550c0, 0x000001ebd6e57430, 0x000001ebd6e58360, 0x000001ebd6e58d80,
0x000001ebd6e555d0, 0x000001ebd6d01fa0, 0x000001ebd6cfe7f0, 0x000001ebcf9f7980,
0x000001ebcf9fc060, 0x000001ebcf9fac20, 0x000001ebcf9fd9b0, 0x000001ebcf9fb640,
0x000001ebd2fa2fd0, 0x000001ebd2fa0240, 0x000001ebd6e4a9b0, 0x000001ebd6e58870,
0x000001ebd6e55ae0, 0x000001ebd2475410, 0x000001ebe0adb210, 0x000001ebe0ad7a60,
0x000001ebe0ada7f0, 0x000001ebe0adad00, 0x000001ebe0ad8480, 0x000001ebe0ad8990,
0x000001ebe0ad9dd0, 0x000001ebe0ad7f70, 0x000001ebe0ada2e0, 0x000001ebe0adbc30,
0x000001ebe0adc140, 0x000001ebe0adc650, 0x000001ebe0ad8ea0, 0x000001ebe0ad93b0,
0x000001ebe0adeed0, 0x000001ebe0adf8f0, 0x000001ebe0ae2680, 0x000001ebe0ae1240,
0x000001ebe0ae2170, 0x000001ebe0ae0d30, 0x000001ebe0ade4b0, 0x000001ebe0adcb60,
0x000001ebe0ae1c60, 0x000001ebde50d880, 0x000001ebdd21ace0, 0x000001ebdfc6d4d0,
0x000001ebdc06eaf0, 0x000001ebde50ddd0, 0x000001ebd6e4b8e0, 0x000001ebd6e53260,
0x000001ebd6e57940, 0x000001ebd6e57e50, 0x000001ebd6e546a0, 0x000001ebd2fa3f00,
0x000001ebd2fa4e30, 0x000001ebd6cff720, 0x000001ebd6d04820, 0x000001ebe0ae6340,
0x000001ebcf9f41d0, 0x000001ebd2474f00, 0x000001ebd381e820, 0x000001ebe867a490,
0x000001ebd70162b0
}

Java Threads: ( => current thread )
  0x000001eb90ae58a0 JavaThread "main" [_thread_blocked, id=32780, stack(0x0000002bb6100000,0x0000002bb6200000)]
  0x000001ebaef3b610 JavaThread "Reference Handler" daemon [_thread_blocked, id=43204, stack(0x0000002bb6800000,0x0000002bb6900000)]
  0x000001ebaef3dc60 JavaThread "Finalizer" daemon [_thread_blocked, id=12864, stack(0x0000002bb6900000,0x0000002bb6a00000)]
  0x000001ebaef53970 JavaThread "Signal Dispatcher" daemon [_thread_blocked, id=6776, stack(0x0000002bb6a00000,0x0000002bb6b00000)]
  0x000001ebaef54240 JavaThread "Attach Listener" daemon [_thread_blocked, id=18180, stack(0x0000002bb6b00000,0x0000002bb6c00000)]
  0x000001ebaef55680 JavaThread "Service Thread" daemon [_thread_blocked, id=23656, stack(0x0000002bb6c00000,0x0000002bb6d00000)]
  0x000001ebaef57260 JavaThread "Monitor Deflation Thread" daemon [_thread_blocked, id=8836, stack(0x0000002bb6d00000,0x0000002bb6e00000)]
  0x000001ebaef59170 JavaThread "C2 CompilerThread0" daemon [_thread_blocked, id=4676, stack(0x0000002bb6e00000,0x0000002bb6f00000)]
  0x000001ebaef5f440 JavaThread "C1 CompilerThread0" daemon [_thread_blocked, id=19480, stack(0x0000002bb6f00000,0x0000002bb7000000)]
  0x000001ebaef5fd50 JavaThread "Sweeper thread" daemon [_thread_blocked, id=14400, stack(0x0000002bb7000000,0x0000002bb7100000)]
  0x000001ebafc9ba00 JavaThread "Common-Cleaner" daemon [_thread_blocked, id=51256, stack(0x0000002bb7100000,0x0000002bb7200000)]
  0x000001ebafd9ff00 JavaThread "Notification Thread" daemon [_thread_blocked, id=4996, stack(0x0000002bb7500000,0x0000002bb7600000)]
  0x000001ebcfc7a570 JavaThread "Daemon health stats" [_thread_blocked, id=51516, stack(0x0000002bb7d00000,0x0000002bb7e00000)]
  0x000001ebd076fec0 JavaThread "Incoming local TCP Connector on port 57754" [_thread_in_native, id=10020, stack(0x0000002bb7700000,0x0000002bb7800000)]
  0x000001ebd1310630 JavaThread "Daemon periodic checks" [_thread_blocked, id=25356, stack(0x0000002bb7e00000,0x0000002bb7f00000)]
  0x000001ebd157e9d0 JavaThread "Daemon" [_thread_blocked, id=55556, stack(0x0000002bb7f00000,0x0000002bb8000000)]
  0x000001ebd155fd60 JavaThread "Handler for socket connection from /127.0.0.1:57754 to /127.0.0.1:57755" [_thread_in_native, id=49752, stack(0x0000002bb8000000,0x0000002bb8100000)]
  0x000001ebd13ce480 JavaThread "Cancel handler" [_thread_blocked, id=10720, stack(0x0000002bb8100000,0x0000002bb8200000)]
  0x000001ebd13cda60 JavaThread "Daemon worker" [_thread_blocked, id=43852, stack(0x0000002bb8200000,0x0000002bb8300000)]
  0x000001ebd13cd550 JavaThread "Asynchronous log dispatcher for DefaultDaemonConnection: socket connection from /127.0.0.1:57754 to /127.0.0.1:57755" [_thread_blocked, id=5300, stack(0x0000002bb8300000,0x0000002bb8400000)]
  0x000001ebd13cf3b0 JavaThread "Stdin handler" [_thread_blocked, id=17232, stack(0x0000002bb8400000,0x0000002bb8500000)]
  0x000001ebd13d02e0 JavaThread "Daemon client event forwarder" [_thread_blocked, id=29968, stack(0x0000002bb8500000,0x0000002bb8600000)]
  0x000001ebd13d07f0 JavaThread "Cache worker for journal cache (C:\Users\ASUS\.gradle\caches\journal-1)" [_thread_blocked, id=37508, stack(0x0000002bb8600000,0x0000002bb8700000)]
  0x000001ebd13ce990 JavaThread "File lock request listener" [_thread_in_native, id=19680, stack(0x0000002bb8700000,0x0000002bb8800000)]
  0x000001ebd13d0d00 JavaThread "Cache worker for file hash cache (C:\Users\ASUS\.gradle\caches\8.13\fileHashes)" [_thread_blocked, id=56708, stack(0x0000002bb8800000,0x0000002bb8900000)]
  0x000001ebd13cfdd0 JavaThread "Cache worker for file hash cache (C:\Users\ASUS\Desktop\UNIPOOL_2.0\unipool-new-frontend\android\.gradle\8.13\fileHashes)" [_thread_blocked, id=50620, stack(0x0000002bb8b00000,0x0000002bb8c00000)]
  0x000001ebd13cdf70 JavaThread "Cache worker for Build Output Cleanup Cache (C:\Users\ASUS\Desktop\UNIPOOL_2.0\unipool-new-frontend\android\.gradle\buildOutputCleanup)" [_thread_blocked, id=13956, stack(0x0000002bb8c00000,0x0000002bb8d00000)]
  0x000001ebd13ceea0 JavaThread "File watcher server" daemon [_thread_blocked, id=32496, stack(0x0000002bb9700000,0x0000002bb9800000)]
  0x000001ebd2fa1170 JavaThread "File watcher consumer" daemon [_thread_blocked, id=44664, stack(0x0000002bb9800000,0x0000002bb9900000)]
  0x000001ebd2fa20a0 JavaThread "jar transforms" [_thread_blocked, id=13260, stack(0x0000002bb9900000,0x0000002bb9a00000)]
  0x000001ebd2fa25b0 JavaThread "Cache worker for checksums cache (C:\Users\ASUS\Desktop\UNIPOOL_2.0\unipool-new-frontend\android\.gradle\8.13\checksums)" [_thread_blocked, id=42264, stack(0x0000002bb9a00000,0x0000002bb9b00000)]
  0x000001ebd2fa2ac0 JavaThread "Cache worker for file content cache (C:\Users\ASUS\.gradle\caches\8.13\fileContent)" [_thread_blocked, id=46212, stack(0x0000002bb9b00000,0x0000002bb9c00000)]
  0x000001ebd2fa0c60 JavaThread "Cache worker for cache directory md-supplier (C:\Users\ASUS\.gradle\caches\8.13\md-supplier)" [_thread_blocked, id=47768, stack(0x0000002bb9f00000,0x0000002bba000000)]
  0x000001ebd2fa0750 JavaThread "Cache worker for cache directory md-rule (C:\Users\ASUS\.gradle\caches\8.13\md-rule)" [_thread_blocked, id=47384, stack(0x0000002bba000000,0x0000002bba100000)]
  0x000001ebd2fa4410 JavaThread "Cache worker for Build Output Cleanup Cache (C:\Users\ASUS\Desktop\UNIPOOL_2.0\unipool-new-frontend\node_modules\@react-native\gradle-plugin\.gradle\buildOutputCleanup)" [_thread_blocked, id=46084, stack(0x0000002bb8a00000,0x0000002bb8b00000)]
  0x000001ebd2fa1680 JavaThread "Unconstrained build operations" [_thread_blocked, id=53280, stack(0x0000002bb7400000,0x0000002bb7500000)]
  0x000001ebd2fa5340 JavaThread "Unconstrained build operations Thread 2" [_thread_blocked, id=12856, stack(0x0000002bb8900000,0x0000002bb8a00000)]
  0x000001ebd2fa1b90 JavaThread "Unconstrained build operations Thread 3" [_thread_blocked, id=44744, stack(0x0000002bba100000,0x0000002bba200000)]
  0x000001ebd2fa6270 JavaThread "Unconstrained build operations Thread 4" [_thread_blocked, id=39568, stack(0x0000002bba300000,0x0000002bba400000)]
  0x000001ebd2fa5850 JavaThread "Unconstrained build operations Thread 5" [_thread_blocked, id=36120, stack(0x0000002bba400000,0x0000002bba500000)]
  0x000001ebd2fa5d60 JavaThread "Unconstrained build operations Thread 6" [_thread_blocked, id=56848, stack(0x0000002bba500000,0x0000002bba600000)]
  0x000001ebd2fa6780 JavaThread "Cache worker for Build Output Cleanup Cache (C:\Users\ASUS\Desktop\UNIPOOL_2.0\unipool-new-frontend\node_modules\expo-modules-autolinking\android\expo-gradle-plugin\.gradle\buildOutputCleanup)" [_thread_blocked, id=27352, stack(0x0000002bba600000,0x0000002bba700000)]
  0x000001ebd2fa6c90 JavaThread "Unconstrained build operations Thread 7" [_thread_blocked, id=11408, stack(0x0000002bba800000,0x0000002bba900000)]
  0x000001ebd2fa7bc0 JavaThread "Unconstrained build operations Thread 8" [_thread_blocked, id=4616, stack(0x0000002bba900000,0x0000002bbaa00000)]
  0x000001ebd2fa71a0 JavaThread "Unconstrained build operations Thread 9" [_thread_blocked, id=53092, stack(0x0000002bbaa00000,0x0000002bbab00000)]
  0x000001ebd2fa76b0 JavaThread "Unconstrained build operations Thread 10" [_thread_blocked, id=28168, stack(0x0000002bbab00000,0x0000002bbac00000)]
  0x000001ebd38f09e0 JavaThread "Unconstrained build operations Thread 11" [_thread_blocked, id=22476, stack(0x0000002bbac00000,0x0000002bbad00000)]
  0x000001ebd38ef090 JavaThread "Unconstrained build operations Thread 12" [_thread_blocked, id=43236, stack(0x0000002bbad00000,0x0000002bbae00000)]
  0x000001ebd38ef5a0 JavaThread "Unconstrained build operations Thread 13" [_thread_blocked, id=22820, stack(0x0000002bbae00000,0x0000002bbaf00000)]
  0x000001ebd38f04d0 JavaThread "Unconstrained build operations Thread 14" [_thread_blocked, id=52508, stack(0x0000002bbaf00000,0x0000002bbb000000)]
  0x000001ebd38efab0 JavaThread "Unconstrained build operations Thread 15" [_thread_blocked, id=26552, stack(0x0000002bbb000000,0x0000002bbb100000)]
  0x000001ebd38ed230 JavaThread "Unconstrained build operations Thread 16" [_thread_blocked, id=44852, stack(0x0000002bbb100000,0x0000002bbb200000)]
  0x000001ebd38eeb80 JavaThread "Unconstrained build operations Thread 17" [_thread_blocked, id=57040, stack(0x0000002bbb200000,0x0000002bbb300000)]
  0x000001ebd38f0ef0 JavaThread "Unconstrained build operations Thread 18" [_thread_blocked, id=10400, stack(0x0000002bbb300000,0x0000002bbb400000)]
  0x000001ebd38ee160 JavaThread "Unconstrained build operations Thread 19" [_thread_blocked, id=44592, stack(0x0000002bbb400000,0x0000002bbb500000)]
  0x000001ebd38ed740 JavaThread "Unconstrained build operations Thread 20" [_thread_blocked, id=13964, stack(0x0000002bbb500000,0x0000002bbb600000)]
  0x000001ebd38f1400 JavaThread "Unconstrained build operations Thread 21" [_thread_blocked, id=32576, stack(0x0000002bbb600000,0x0000002bbb700000)]
  0x000001ebd38ee670 JavaThread "Unconstrained build operations Thread 22" [_thread_blocked, id=33112, stack(0x0000002bbb700000,0x0000002bbb800000)]
  0x000001ebd38edc50 JavaThread "Unconstrained build operations Thread 23" [_thread_blocked, id=57060, stack(0x0000002bbb800000,0x0000002bbb900000)]
  0x000001ebd38f1910 JavaThread "Unconstrained build operations Thread 24" [_thread_blocked, id=52212, stack(0x0000002bbb900000,0x0000002bbba00000)]
  0x000001ebd38effc0 JavaThread "Unconstrained build operations Thread 25" [_thread_blocked, id=50748, stack(0x0000002bbba00000,0x0000002bbbb00000)]
  0x000001ebd38f2330 JavaThread "Unconstrained build operations Thread 26" [_thread_blocked, id=40992, stack(0x0000002bbbb00000,0x0000002bbbc00000)]
  0x000001ebd38f3770 JavaThread "Unconstrained build operations Thread 27" [_thread_blocked, id=42316, stack(0x0000002bbbc00000,0x0000002bbbd00000)]
  0x000001ebd38f3c80 JavaThread "Unconstrained build operations Thread 28" [_thread_blocked, id=31396, stack(0x0000002bbbd00000,0x0000002bbbe00000)]
  0x000001ebd38f3260 JavaThread "Unconstrained build operations Thread 29" [_thread_blocked, id=51816, stack(0x0000002bbbe00000,0x0000002bbbf00000)]
  0x000001ebd38f4190 JavaThread "Unconstrained build operations Thread 30" [_thread_blocked, id=16576, stack(0x0000002bbbf00000,0x0000002bbc000000)]
  0x000001ebd38f2d50 JavaThread "Unconstrained build operations Thread 31" [_thread_blocked, id=46064, stack(0x0000002bbc000000,0x0000002bbc100000)]
  0x000001ebd38f2840 JavaThread "Unconstrained build operations Thread 32" [_thread_blocked, id=7944, stack(0x0000002bbc100000,0x0000002bbc200000)]
  0x000001ebd38f46a0 JavaThread "Unconstrained build operations Thread 33" [_thread_blocked, id=18080, stack(0x0000002bbc200000,0x0000002bbc300000)]
  0x000001ebd38f4bb0 JavaThread "Unconstrained build operations Thread 34" [_thread_blocked, id=56052, stack(0x0000002bbc300000,0x0000002bbc400000)]
  0x000001ebd38f1e20 JavaThread "Unconstrained build operations Thread 35" [_thread_blocked, id=57768, stack(0x0000002bbc400000,0x0000002bbc500000)]
  0x000001ebd2471240 JavaThread "Unconstrained build operations Thread 36" [_thread_blocked, id=28056, stack(0x0000002bbc500000,0x0000002bbc600000)]
  0x000001ebd2470820 JavaThread "Unconstrained build operations Thread 37" [_thread_blocked, id=46312, stack(0x0000002bbc600000,0x0000002bbc700000)]
  0x000001ebd246e9c0 JavaThread "Unconstrained build operations Thread 38" [_thread_blocked, id=32372, stack(0x0000002bbc700000,0x0000002bbc800000)]
  0x000001ebd2470d30 JavaThread "Unconstrained build operations Thread 39" [_thread_blocked, id=29016, stack(0x0000002bbc800000,0x0000002bbc900000)]
  0x000001ebd246f3e0 JavaThread "Unconstrained build operations Thread 40" [_thread_blocked, id=48692, stack(0x0000002bbc900000,0x0000002bbca00000)]
  0x000001ebd246e4b0 JavaThread "Unconstrained build operations Thread 41" [_thread_blocked, id=44564, stack(0x0000002bbca00000,0x0000002bbcb00000)]
  0x000001ebd246f8f0 JavaThread "Unconstrained build operations Thread 42" [_thread_blocked, id=52020, stack(0x0000002bbcb00000,0x0000002bbcc00000)]
  0x000001ebd246eed0 JavaThread "Unconstrained build operations Thread 43" [_thread_blocked, id=7140, stack(0x0000002bbcc00000,0x0000002bbcd00000)]
  0x000001ebd246fe00 JavaThread "Unconstrained build operations Thread 44" [_thread_blocked, id=27300, stack(0x0000002bbcd00000,0x0000002bbce00000)]
  0x000001ebd2470310 JavaThread "Unconstrained build operations Thread 45" [_thread_blocked, id=54604, stack(0x0000002bbce00000,0x0000002bbcf00000)]
  0x000001ebd2471750 JavaThread "Unconstrained build operations Thread 46" [_thread_blocked, id=36972, stack(0x0000002bbcf00000,0x0000002bbd000000)]
  0x000001ebd246dfa0 JavaThread "Unconstrained build operations Thread 47" [_thread_blocked, id=53748, stack(0x0000002bbd000000,0x0000002bbd100000)]
  0x000001ebd24730a0 JavaThread "Unconstrained build operations Thread 48" [_thread_blocked, id=40104, stack(0x0000002bbd100000,0x0000002bbd200000)]
  0x000001ebd2472170 JavaThread "Unconstrained build operations Thread 49" [_thread_blocked, id=13784, stack(0x0000002bbd200000,0x0000002bbd300000)]
  0x000001ebd24749f0 JavaThread "Unconstrained build operations Thread 50" [_thread_blocked, id=56096, stack(0x0000002bbd300000,0x0000002bbd400000)]
  0x000001ebd2472680 JavaThread "Unconstrained build operations Thread 51" [_thread_blocked, id=15308, stack(0x0000002bbd400000,0x0000002bbd500000)]
  0x000001ebd2473ac0 JavaThread "build event listener" [_thread_blocked, id=55364, stack(0x0000002bba700000,0x0000002bba800000)]
  0x000001ebd2472b90 JavaThread "Memory manager" [_thread_blocked, id=49012, stack(0x0000002bbd800000,0x0000002bbd900000)]
  0x000001ebd2471c60 JavaThread "Unconstrained build operations Thread 52" [_thread_blocked, id=55772, stack(0x0000002bb7200000,0x0000002bb7300000)]
  0x000001ebd2473fd0 JavaThread "Unconstrained build operations Thread 53" [_thread_blocked, id=9480, stack(0x0000002bbd500000,0x0000002bbd600000)]
  0x000001ebd24744e0 JavaThread "Unconstrained build operations Thread 54" [_thread_blocked, id=30424, stack(0x0000002bbd600000,0x0000002bbd700000)]
  0x000001ebd2475920 JavaThread "Unconstrained build operations Thread 55" [_thread_blocked, id=41660, stack(0x0000002bbd900000,0x0000002bbda00000)]
  0x000001ebd2c0c060 JavaThread "Unconstrained build operations Thread 56" [_thread_blocked, id=48496, stack(0x0000002bbda00000,0x0000002bbdb00000)]
  0x000001ebd2c0d4a0 JavaThread "Unconstrained build operations Thread 57" [_thread_blocked, id=24280, stack(0x0000002bbdb00000,0x0000002bbdc00000)]
  0x000001ebd2c0fd20 JavaThread "Unconstrained build operations Thread 58" [_thread_blocked, id=40328, stack(0x0000002bbdc00000,0x0000002bbdd00000)]
  0x000001ebd2c0edf0 JavaThread "Unconstrained build operations Thread 59" [_thread_blocked, id=21108, stack(0x0000002bbdd00000,0x0000002bbde00000)]
  0x000001ebd2c0dec0 JavaThread "Unconstrained build operations Thread 60" [_thread_blocked, id=49292, stack(0x0000002bbde00000,0x0000002bbdf00000)]
  0x000001ebd2c0e3d0 JavaThread "Unconstrained build operations Thread 61" [_thread_blocked, id=32744, stack(0x0000002bbdf00000,0x0000002bbe000000)]
  0x000001ebd2c0d9b0 JavaThread "Unconstrained build operations Thread 62" [_thread_blocked, id=10096, stack(0x0000002bbe000000,0x0000002bbe100000)]
  0x000001ebd2c0e8e0 JavaThread "Unconstrained build operations Thread 63" [_thread_blocked, id=43068, stack(0x0000002bbe100000,0x0000002bbe200000)]
  0x000001ebd2c0f300 JavaThread "Unconstrained build operations Thread 64" [_thread_blocked, id=42280, stack(0x0000002bbe200000,0x0000002bbe300000)]
  0x000001ebd2c0cf90 JavaThread "Unconstrained build operations Thread 65" [_thread_blocked, id=14260, stack(0x0000002bbe300000,0x0000002bbe400000)]
  0x000001ebd2c0f810 JavaThread "Unconstrained build operations Thread 66" [_thread_blocked, id=17948, stack(0x0000002bbe400000,0x0000002bbe500000)]
  0x000001ebd2c0c570 JavaThread "Unconstrained build operations Thread 67" [_thread_blocked, id=45680, stack(0x0000002bbe500000,0x0000002bbe600000)]
  0x000001ebd2c10230 JavaThread "Unconstrained build operations Thread 68" [_thread_blocked, id=36128, stack(0x0000002bbe600000,0x0000002bbe700000)]
  0x000001ebd2c0ca80 JavaThread "Unconstrained build operations Thread 69" [_thread_blocked, id=16140, stack(0x0000002bbe700000,0x0000002bbe800000)]
  0x000001ebd2c12fc0 JavaThread "Unconstrained build operations Thread 70" [_thread_blocked, id=8876, stack(0x0000002bbe800000,0x0000002bbe900000)]
  0x000001ebd2c11670 JavaThread "Unconstrained build operations Thread 71" [_thread_blocked, id=16152, stack(0x0000002bbe900000,0x0000002bbea00000)]
  0x000001ebd2c11160 JavaThread "Unconstrained build operations Thread 72" [_thread_blocked, id=38484, stack(0x0000002bbea00000,0x0000002bbeb00000)]
  0x000001ebd2c11b80 JavaThread "Unconstrained build operations Thread 73" [_thread_blocked, id=52588, stack(0x0000002bbeb00000,0x0000002bbec00000)]
  0x000001ebd2c12090 JavaThread "Unconstrained build operations Thread 74" [_thread_blocked, id=36672, stack(0x0000002bbec00000,0x0000002bbed00000)]
  0x000001ebd2c125a0 JavaThread "Unconstrained build operations Thread 75" [_thread_blocked, id=21084, stack(0x0000002bbed00000,0x0000002bbee00000)]
  0x000001ebd2c10c50 JavaThread "Unconstrained build operations Thread 76" [_thread_blocked, id=45332, stack(0x0000002bbee00000,0x0000002bbef00000)]
  0x000001ebd2c12ab0 JavaThread "Unconstrained build operations Thread 77" [_thread_blocked, id=6136, stack(0x0000002bbef00000,0x0000002bbf000000)]
  0x000001ebd2c139e0 JavaThread "Unconstrained build operations Thread 78" [_thread_blocked, id=58048, stack(0x0000002bbf000000,0x0000002bbf100000)]
  0x000001ebd2c134d0 JavaThread "Unconstrained build operations Thread 79" [_thread_blocked, id=48696, stack(0x0000002bbf100000,0x0000002bbf200000)]
  0x000001ebd2c10740 JavaThread "Unconstrained build operations Thread 80" [_thread_blocked, id=51452, stack(0x0000002bbf200000,0x0000002bbf300000)]
  0x000001ebafc0bed0 JavaThread "Unconstrained build operations Thread 81" [_thread_blocked, id=25396, stack(0x0000002bbf300000,0x0000002bbf400000)]
  0x000001ebafc0e750 JavaThread "Unconstrained build operations Thread 82" [_thread_blocked, id=26376, stack(0x0000002bbf500000,0x0000002bbf600000)]
  0x000001ebafc0c3e0 JavaThread "Unconstrained build operations Thread 83" [_thread_blocked, id=2404, stack(0x0000002bbf600000,0x0000002bbf700000)]
  0x000001ebafc0c8f0 JavaThread "Unconstrained build operations Thread 84" [_thread_blocked, id=48800, stack(0x0000002bbf700000,0x0000002bbf800000)]
  0x000001ebafc0ce00 JavaThread "Unconstrained build operations Thread 85" [_thread_blocked, id=21720, stack(0x0000002bbf800000,0x0000002bbf900000)]
  0x000001ebafc0d310 JavaThread "Unconstrained build operations Thread 86" [_thread_blocked, id=53464, stack(0x0000002bbf900000,0x0000002bbfa00000)]
  0x000001ebafc0b9c0 JavaThread "Unconstrained build operations Thread 87" [_thread_blocked, id=18312, stack(0x0000002bbfa00000,0x0000002bbfb00000)]
  0x000001ebafc0d820 JavaThread "Unconstrained build operations Thread 88" [_thread_blocked, id=39996, stack(0x0000002bbfb00000,0x0000002bbfc00000)]
  0x000001ebafc0dd30 JavaThread "Unconstrained build operations Thread 89" [_thread_blocked, id=15436, stack(0x0000002bbfc00000,0x0000002bbfd00000)]
  0x000001ebafc0afa0 JavaThread "Unconstrained build operations Thread 90" [_thread_blocked, id=31440, stack(0x0000002bbfd00000,0x0000002bbfe00000)]
  0x000001ebafc0e240 JavaThread "Unconstrained build operations Thread 91" [_thread_blocked, id=52048, stack(0x0000002bbfe00000,0x0000002bbff00000)]
  0x000001ebafc0ec60 JavaThread "Unconstrained build operations Thread 92" [_thread_blocked, id=28212, stack(0x0000002bbff00000,0x0000002bc0000000)]
  0x000001ebafc0b4b0 JavaThread "Unconstrained build operations Thread 93" [_thread_blocked, id=27308, stack(0x0000002bc0000000,0x0000002bc0100000)]
  0x000001ebafc0fb90 JavaThread "Unconstrained build operations Thread 94" [_thread_blocked, id=51880, stack(0x0000002bc0100000,0x0000002bc0200000)]
  0x000001ebafc11f00 JavaThread "Unconstrained build operations Thread 95" [_thread_blocked, id=47708, stack(0x0000002bc0200000,0x0000002bc0300000)]
  0x000001ebafc12920 JavaThread "Unconstrained build operations Thread 96" [_thread_blocked, id=10048, stack(0x0000002bc0300000,0x0000002bc0400000)]
  0x000001ebafc119f0 JavaThread "build event listener" [_thread_blocked, id=21476, stack(0x0000002bbf400000,0x0000002bbf500000)]
  0x000001ebafc114e0 JavaThread "Unconstrained build operations Thread 97" [_thread_blocked, id=27784, stack(0x0000002bc0400000,0x0000002bc0500000)]
  0x000001ebafc10fd0 JavaThread "Unconstrained build operations Thread 98" [_thread_blocked, id=31592, stack(0x0000002bc0500000,0x0000002bc0600000)]
  0x000001ebafc105b0 JavaThread "Unconstrained build operations Thread 99" [_thread_blocked, id=2164, stack(0x0000002bc0600000,0x0000002bc0700000)]
  0x000001ebafc10ac0 JavaThread "Unconstrained build operations Thread 100" [_thread_blocked, id=55640, stack(0x0000002bc0700000,0x0000002bc0800000)]
  0x000001ebafc0f680 JavaThread "Unconstrained build operations Thread 101" [_thread_blocked, id=27108, stack(0x0000002bc0800000,0x0000002bc0900000)]
  0x000001ebafc100a0 JavaThread "Unconstrained build operations Thread 102" [_thread_blocked, id=43504, stack(0x0000002bc0900000,0x0000002bc0a00000)]
  0x000001ebd2fa39f0 JavaThread "Unconstrained build operations Thread 103" [_thread_blocked, id=36764, stack(0x0000002bc0a00000,0x0000002bc0b00000)]
  0x000001ebd6cffc30 JavaThread "Unconstrained build operations Thread 104" [_thread_blocked, id=57308, stack(0x0000002bc0b00000,0x0000002bc0c00000)]
  0x000001ebd6d00b60 JavaThread "Unconstrained build operations Thread 105" [_thread_blocked, id=13912, stack(0x0000002bc0c00000,0x0000002bc0d00000)]
  0x000001ebd6d01070 JavaThread "Unconstrained build operations Thread 106" [_thread_blocked, id=44272, stack(0x0000002bc0d00000,0x0000002bc0e00000)]
  0x000001ebd6d00140 JavaThread "Unconstrained build operations Thread 107" [_thread_blocked, id=46036, stack(0x0000002bc0e00000,0x0000002bc0f00000)]
  0x000001ebd6d01a90 JavaThread "Unconstrained build operations Thread 108" [_thread_blocked, id=32012, stack(0x0000002bc0f00000,0x0000002bc1000000)]
  0x000001ebd6d00650 JavaThread "ForkJoinPool.commonPool-worker-1" daemon [_thread_blocked, id=39992, stack(0x0000002bc1200000,0x0000002bc1300000)]
  0x000001ebd6d024b0 JavaThread "ForkJoinPool.commonPool-worker-4" daemon [_thread_blocked, id=44108, stack(0x0000002bc1500000,0x0000002bc1600000)]
  0x000001ebd6cfed00 JavaThread "ForkJoinPool.commonPool-worker-5" daemon [_thread_blocked, id=4484, stack(0x0000002bc1600000,0x0000002bc1700000)]
  0x000001ebd6d029c0 JavaThread "ForkJoinPool.commonPool-worker-6" daemon [_thread_blocked, id=53340, stack(0x0000002bc1700000,0x0000002bc1800000)]
  0x000001ebd6cff210 JavaThread "ForkJoinPool.commonPool-worker-7" daemon [_thread_blocked, id=30924, stack(0x0000002bc1800000,0x0000002bc1900000)]
  0x000001ebd6d02ed0 JavaThread "ForkJoinPool.commonPool-worker-8" daemon [_thread_blocked, id=25508, stack(0x0000002bc1900000,0x0000002bc1a00000)]
  0x000001ebd6d05240 JavaThread "ForkJoinPool.commonPool-worker-10" daemon [_thread_blocked, id=53744, stack(0x0000002bc1b00000,0x0000002bc1c00000)]
  0x000001ebd6d038f0 JavaThread "Execution worker" [_thread_blocked, id=8356, stack(0x0000002bc2000000,0x0000002bc2100000)]
  0x000001ebd6d05c60 JavaThread "Execution worker Thread 2" [_thread_blocked, id=44000, stack(0x0000002bc2100000,0x0000002bc2200000)]
  0x000001ebd6d06170 JavaThread "Execution worker Thread 3" [_thread_blocked, id=33020, stack(0x0000002bc2200000,0x0000002bc2300000)]
  0x000001ebd5232850 JavaThread "Execution worker Thread 4" [_thread_blocked, id=37684, stack(0x0000002bc2300000,0x0000002bc2400000)]
  0x000001ebd52304e0 JavaThread "Execution worker Thread 5" [_thread_blocked, id=4544, stack(0x0000002bc2400000,0x0000002bc2500000)]
  0x000001ebd522ffd0 JavaThread "Execution worker Thread 6" [_thread_blocked, id=18868, stack(0x0000002bc2500000,0x0000002bc2600000)]
  0x000001ebd5231e30 JavaThread "Execution worker Thread 7" [_thread_blocked, id=28536, stack(0x0000002bc2600000,0x0000002bc2700000)]
  0x000001ebd5232d60 JavaThread "Execution worker Thread 8" [_thread_blocked, id=47596, stack(0x0000002bc2700000,0x0000002bc2800000)]
  0x000001ebd5233270 JavaThread "Execution worker Thread 9" [_thread_blocked, id=53124, stack(0x0000002bc2800000,0x0000002bc2900000)]
  0x000001ebd5233780 JavaThread "Execution worker Thread 10" [_thread_blocked, id=4908, stack(0x0000002bc2900000,0x0000002bc2a00000)]
  0x000001ebd5233c90 JavaThread "Execution worker Thread 11" [_thread_blocked, id=56692, stack(0x0000002bc2a00000,0x0000002bc2b00000)]
  0x000001ebd52341a0 JavaThread "Execution worker Thread 12" [_thread_blocked, id=34320, stack(0x0000002bc2b00000,0x0000002bc2c00000)]
  0x000001ebd52309f0 JavaThread "Execution worker Thread 13" [_thread_blocked, id=29476, stack(0x0000002bc2c00000,0x0000002bc2d00000)]
  0x000001ebd52346b0 JavaThread "Execution worker Thread 14" [_thread_blocked, id=27020, stack(0x0000002bc2d00000,0x0000002bc2e00000)]
  0x000001ebd5232340 JavaThread "Execution worker Thread 15" [_thread_blocked, id=5624, stack(0x0000002bc2e00000,0x0000002bc2f00000)]
  0x000001ebd5230f00 JavaThread "Cache worker for execution history cache (C:\Users\ASUS\Desktop\UNIPOOL_2.0\unipool-new-frontend\node_modules\@react-native\gradle-plugin\.gradle\8.13\executionHistory)" [_thread_blocked, id=13480, stack(0x0000002bc2f00000,0x0000002bc3000000)]
  0x000001ebd5234bc0 JavaThread "Cache worker for execution history cache (C:\Users\ASUS\Desktop\UNIPOOL_2.0\unipool-new-frontend\node_modules\expo-modules-autolinking\android\expo-gradle-plugin\.gradle\8.13\executionHistory)" [_thread_blocked, id=924, stack(0x0000002bc3000000,0x0000002bc3100000)]
  0x000001ebd5231410 JavaThread "Unconstrained build operations Thread 109" [_thread_blocked, id=47172, stack(0x0000002bc3300000,0x0000002bc3400000)]
  0x000001ebd52350d0 JavaThread "Unconstrained build operations Thread 110" [_thread_blocked, id=11856, stack(0x0000002bc3400000,0x0000002bc3500000)]
  0x000001ebd5231920 JavaThread "Unconstrained build operations Thread 111" [_thread_blocked, id=1904, stack(0x0000002bc3500000,0x0000002bc3600000)]
  0x000001ebd52355e0 JavaThread "Unconstrained build operations Thread 112" [_thread_blocked, id=21080, stack(0x0000002bc3600000,0x0000002bc3700000)]
  0x000001ebd5237950 JavaThread "Unconstrained build operations Thread 113" [_thread_blocked, id=23116, stack(0x0000002bc3200000,0x0000002bc3300000)]
  0x000001ebd5235af0 JavaThread "Unconstrained build operations Thread 114" [_thread_blocked, id=30260, stack(0x0000002bc3700000,0x0000002bc3800000)]
  0x000001ebd5236000 JavaThread "Unconstrained build operations Thread 115" [_thread_blocked, id=54332, stack(0x0000002bc3800000,0x0000002bc3900000)]
  0x000001ebd5236510 JavaThread "Unconstrained build operations Thread 116" [_thread_blocked, id=32256, stack(0x0000002bc3900000,0x0000002bc3a00000)]
  0x000001ebd5236a20 JavaThread "Unconstrained build operations Thread 117" [_thread_blocked, id=31424, stack(0x0000002bc3a00000,0x0000002bc3b00000)]
  0x000001ebd5237440 JavaThread "Unconstrained build operations Thread 118" [_thread_blocked, id=49232, stack(0x0000002bc3b00000,0x0000002bc3c00000)]
  0x000001ebd5236f30 JavaThread "Unconstrained build operations Thread 119" [_thread_blocked, id=27268, stack(0x0000002bc3c00000,0x0000002bc3d00000)]
  0x000001ebd050e6f0 JavaThread "Unconstrained build operations Thread 120" [_thread_blocked, id=53528, stack(0x0000002bc3d00000,0x0000002bc3e00000)]
  0x000001ebd050f110 JavaThread "Unconstrained build operations Thread 121" [_thread_blocked, id=34080, stack(0x0000002bc3e00000,0x0000002bc3f00000)]
  0x000001ebd050c380 JavaThread "Unconstrained build operations Thread 122" [_thread_blocked, id=54876, stack(0x0000002bc3f00000,0x0000002bc4000000)]
  0x000001ebd050d7c0 JavaThread "Unconstrained build operations Thread 123" [_thread_blocked, id=52532, stack(0x0000002bc4000000,0x0000002bc4100000)]
  0x000001ebd050f620 JavaThread "Unconstrained build operations Thread 124" [_thread_blocked, id=38624, stack(0x0000002bc4100000,0x0000002bc4200000)]
  0x000001ebd050be70 JavaThread "Unconstrained build operations Thread 125" [_thread_blocked, id=56444, stack(0x0000002bc4200000,0x0000002bc4300000)]
  0x000001ebd0510040 JavaThread "Unconstrained build operations Thread 126" [_thread_blocked, id=52456, stack(0x0000002bc4300000,0x0000002bc4400000)]
  0x000001ebd050fb30 JavaThread "Unconstrained build operations Thread 127" [_thread_blocked, id=4240, stack(0x0000002bc4400000,0x0000002bc4500000)]
  0x000001ebd050d2b0 JavaThread "Unconstrained build operations Thread 128" [_thread_blocked, id=18264, stack(0x0000002bc4500000,0x0000002bc4600000)]
  0x000001ebd050ec00 JavaThread "Unconstrained build operations Thread 129" [_thread_blocked, id=35860, stack(0x0000002bc4600000,0x0000002bc4700000)]
  0x000001ebd050c890 JavaThread "Unconstrained build operations Thread 130" [_thread_blocked, id=37852, stack(0x0000002bc4700000,0x0000002bc4800000)]
  0x000001ebd0510550 JavaThread "Unconstrained build operations Thread 131" [_thread_blocked, id=2460, stack(0x0000002bc4800000,0x0000002bc4900000)]
  0x000001ebd050dcd0 JavaThread "Unconstrained build operations Thread 132" [_thread_blocked, id=52860, stack(0x0000002bc4900000,0x0000002bc4a00000)]
  0x000001ebd050cda0 JavaThread "Unconstrained build operations Thread 133" [_thread_blocked, id=21400, stack(0x0000002bc4a00000,0x0000002bc4b00000)]
  0x000001ebd050e1e0 JavaThread "Unconstrained build operations Thread 134" [_thread_blocked, id=52728, stack(0x0000002bc4b00000,0x0000002bc4c00000)]
  0x000001ebd0511ea0 JavaThread "Unconstrained build operations Thread 135" [_thread_blocked, id=46956, stack(0x0000002bc4c00000,0x0000002bc4d00000)]
  0x000001ebd0510a60 JavaThread "Unconstrained build operations Thread 136" [_thread_blocked, id=7632, stack(0x0000002bc4d00000,0x0000002bc4e00000)]
  0x000001ebd0511480 JavaThread "Unconstrained build operations Thread 137" [_thread_blocked, id=12272, stack(0x0000002bc4e00000,0x0000002bc4f00000)]
  0x000001ebd0510f70 JavaThread "Unconstrained build operations Thread 138" [_thread_blocked, id=50184, stack(0x0000002bc4f00000,0x0000002bc5000000)]
  0x000001ebd05137f0 JavaThread "Unconstrained build operations Thread 139" [_thread_blocked, id=37428, stack(0x0000002bc5000000,0x0000002bc5100000)]
  0x000001ebd05123b0 JavaThread "Unconstrained build operations Thread 140" [_thread_blocked, id=32208, stack(0x0000002bc5100000,0x0000002bc5200000)]
  0x000001ebd0511990 JavaThread "Unconstrained build operations Thread 141" [_thread_blocked, id=51800, stack(0x0000002bc5200000,0x0000002bc5300000)]
  0x000001ebd05128c0 JavaThread "Unconstrained build operations Thread 142" [_thread_blocked, id=36796, stack(0x0000002bc5300000,0x0000002bc5400000)]
  0x000001ebd0512dd0 JavaThread "Unconstrained build operations Thread 143" [_thread_blocked, id=32084, stack(0x0000002bc5400000,0x0000002bc5500000)]
  0x000001ebd05132e0 JavaThread "Unconstrained build operations Thread 144" [_thread_blocked, id=32672, stack(0x0000002bc5500000,0x0000002bc5600000)]
  0x000001ebd381ab60 JavaThread "WorkerExecutor Queue" [_thread_blocked, id=4840, stack(0x0000002bc5800000,0x0000002bc5900000)]
  0x000001ebd381b070 JavaThread "WorkerExecutor Queue Thread 2" [_thread_blocked, id=47552, stack(0x0000002bc5900000,0x0000002bc5a00000)]
  0x000001ebd381c4b0 JavaThread "RMI Scheduler(0)" daemon [_thread_blocked, id=34936, stack(0x0000002bb7300000,0x0000002bb7400000)]
  0x000001ebd381ba90 JavaThread "RMI GC Daemon" daemon [_thread_blocked, id=36856, stack(0x0000002bc5600000,0x0000002bc5700000)]
  0x000001ebd381bfa0 JavaThread "RMI TCP Accept-0" daemon [_thread_in_native, id=300, stack(0x0000002bc5700000,0x0000002bc5800000)]
  0x000001ebd381a140 JavaThread "RMI Reaper" [_thread_blocked, id=36680, stack(0x0000002bc5a00000,0x0000002bc5b00000)]
  0x000001ebd381c9c0 JavaThread "RMI TCP Accept-0" daemon [_thread_in_native, id=42800, stack(0x0000002bbd700000,0x0000002bbd800000)]
  0x000001ebd381a650 JavaThread "Unconstrained build operations Thread 145" [_thread_blocked, id=20528, stack(0x0000002bc6100000,0x0000002bc6200000)]
  0x000001ebd381ed30 JavaThread "Unconstrained build operations Thread 146" [_thread_blocked, id=37912, stack(0x0000002bc6300000,0x0000002bc6400000)]
  0x000001ebd381b580 JavaThread "Unconstrained build operations Thread 147" [_thread_blocked, id=40224, stack(0x0000002bc6400000,0x0000002bc6500000)]
  0x000001ebd381f240 JavaThread "Unconstrained build operations Thread 148" [_thread_blocked, id=5632, stack(0x0000002bc6500000,0x0000002bc6600000)]
  0x000001ebd381fc60 JavaThread "Unconstrained build operations Thread 149" [_thread_blocked, id=55516, stack(0x0000002bc6600000,0x0000002bc6700000)]
  0x000001ebd3820170 JavaThread "Unconstrained build operations Thread 150" [_thread_blocked, id=25344, stack(0x0000002bc6700000,0x0000002bc6800000)]
  0x000001ebd381f750 JavaThread "Unconstrained build operations Thread 151" [_thread_blocked, id=44552, stack(0x0000002bc6800000,0x0000002bc6900000)]
  0x000001ebd381e310 JavaThread "Unconstrained build operations Thread 152" [_thread_blocked, id=8016, stack(0x0000002bc6900000,0x0000002bc6a00000)]
  0x000001ebd3820b90 JavaThread "Unconstrained build operations Thread 153" [_thread_blocked, id=53560, stack(0x0000002bc6a00000,0x0000002bc6b00000)]
  0x000001ebd3820680 JavaThread "Unconstrained build operations Thread 154" [_thread_blocked, id=2948, stack(0x0000002bc6b00000,0x0000002bc6c00000)]
  0x000001ebd38210a0 JavaThread "Unconstrained build operations Thread 155" [_thread_blocked, id=54628, stack(0x0000002bc6c00000,0x0000002bc6d00000)]
  0x000001ebd381d8f0 JavaThread "Unconstrained build operations Thread 156" [_thread_blocked, id=17348, stack(0x0000002bc6d00000,0x0000002bc6e00000)]
  0x000001ebd38215b0 JavaThread "Unconstrained build operations Thread 157" [_thread_blocked, id=40024, stack(0x0000002bc6e00000,0x0000002bc6f00000)]
  0x000001ebd3821ac0 JavaThread "Unconstrained build operations Thread 158" [_thread_blocked, id=22188, stack(0x0000002bc6f00000,0x0000002bc7000000)]
  0x000001ebcf9f6a50 JavaThread "Unconstrained build operations Thread 159" [_thread_blocked, id=44152, stack(0x0000002bc7000000,0x0000002bc7100000)]
  0x000001ebcf9f6540 JavaThread "Unconstrained build operations Thread 160" [_thread_blocked, id=37664, stack(0x0000002bc7100000,0x0000002bc7200000)]
  0x000001ebcf9f5100 JavaThread "WorkerExecutor Queue Thread 3" [_thread_blocked, id=56392, stack(0x0000002bc7200000,0x0000002bc7300000)]
  0x000001ebcf9f46e0 JavaThread "WorkerExecutor Queue Thread 4" [_thread_blocked, id=26400, stack(0x0000002bc7700000,0x0000002bc7800000)]
  0x000001ebcf9f7470 JavaThread "jar transforms Thread 2" [_thread_blocked, id=50216, stack(0x0000002bc5d00000,0x0000002bc5e00000)]
  0x000001ebcf9f7e90 JavaThread "Cache worker for Build Output Cleanup Cache (C:\Users\ASUS\Desktop\UNIPOOL_2.0\unipool-new-frontend\node_modules\expo-modules-core\expo-module-gradle-plugin\.gradle\buildOutputCleanup)" [_thread_blocked, id=57140, stack(0x0000002bc3100000,0x0000002bc3200000)]
  0x000001ebcf9f6030 JavaThread "jar transforms Thread 3" [_thread_blocked, id=3016, stack(0x0000002bc7a00000,0x0000002bc7b00000)]
  0x000001ebcf9f92d0 JavaThread "Cache worker for execution history cache (C:\Users\ASUS\Desktop\UNIPOOL_2.0\unipool-new-frontend\node_modules\expo-modules-core\expo-module-gradle-plugin\.gradle\8.13\executionHistory)" [_thread_blocked, id=6856, stack(0x0000002bc7c00000,0x0000002bc7d00000)]
  0x000001ebcf9fa200 JavaThread "WorkerExecutor Queue Thread 5" [_thread_blocked, id=41400, stack(0x0000002bc7e00000,0x0000002bc7f00000)]
  0x000001ebcf9f88b0 JavaThread "jar transforms Thread 4" [_thread_blocked, id=57068, stack(0x0000002bc7800000,0x0000002bc7900000)]
  0x000001ebcf9f97e0 JavaThread "Problems report writer" [_thread_blocked, id=54216, stack(0x0000002bc7600000,0x0000002bc7700000)]
  0x000001ebcf9f8dc0 JavaThread "jar transforms Thread 5" [_thread_blocked, id=51892, stack(0x0000002bc8200000,0x0000002bc8300000)]
  0x000001ebcf9fca80 JavaThread "jar transforms Thread 6" [_thread_blocked, id=20280, stack(0x0000002bc8300000,0x0000002bc8400000)]
  0x000001ebcf9fa710 JavaThread "build event listener" [_thread_blocked, id=24400, stack(0x0000002bb7800000,0x0000002bb7900000)]
  0x000001ebcf9fdec0 JavaThread "jar transforms Thread 7" [_thread_blocked, id=54712, stack(0x0000002bb6000000,0x0000002bb6100000)]
  0x000001ebcf9fe8e0 JavaThread "jar transforms Thread 8" [_thread_blocked, id=33108, stack(0x0000002bc6200000,0x0000002bc6300000)]
  0x000001ebcf9fb130 JavaThread "jar transforms Thread 9" [_thread_blocked, id=12408, stack(0x0000002bc7300000,0x0000002bc7400000)]
  0x000001ebcf9ffd20 JavaThread "jar transforms Thread 10" [_thread_blocked, id=53516, stack(0x0000002bc8400000,0x0000002bc8500000)]
  0x000001ebcf9fedf0 JavaThread "jar transforms Thread 11" [_thread_blocked, id=36028, stack(0x0000002bc8500000,0x0000002bc8600000)]
  0x000001ebcf9fcf90 JavaThread "jar transforms Thread 12" [_thread_blocked, id=20796, stack(0x0000002bc8600000,0x0000002bc8700000)]
  0x000001ebcfa01b80 JavaThread "jar transforms Thread 13" [_thread_blocked, id=28500, stack(0x0000002bc8700000,0x0000002bc8800000)]
  0x000001ebcf9ff300 JavaThread "jar transforms Thread 14" [_thread_blocked, id=20472, stack(0x0000002bb5f00000,0x0000002bb6000000)]
  0x000001ebcfa02090 JavaThread "jar transforms Thread 15" [_thread_blocked, id=2644, stack(0x0000002bc8800000,0x0000002bc8900000)]
  0x000001ebcfa025a0 JavaThread "jar transforms Thread 16" [_thread_blocked, id=51904, stack(0x0000002bc8900000,0x0000002bc8a00000)]
  0x000001ebd6e504d0 JavaThread "included builds Thread 5" [_thread_blocked, id=55248, stack(0x0000002bb9e00000,0x0000002bb9f00000)]
  0x000001ebd6e54190 JavaThread "Cache worker for execution history cache (C:\Users\ASUS\Desktop\UNIPOOL_2.0\unipool-new-frontend\android\.gradle\8.13\executionHistory)" [_thread_blocked, id=24460, stack(0x0000002bc1000000,0x0000002bc1100000)]
  0x000001ebd6e56f20 JavaThread "WorkerExecutor Queue Thread 6" [_thread_blocked, id=34704, stack(0x0000002bb9d00000,0x0000002bb9e00000)]
  0x000001ebd6e54bb0 JavaThread "WorkerExecutor Queue Thread 7" [_thread_blocked, id=33264, stack(0x0000002bb5e00000,0x0000002bb5f00000)]
  0x000001ebd6e550c0 JavaThread "WorkerExecutor Queue Thread 8" [_thread_blocked, id=25924, stack(0x0000002bb9c00000,0x0000002bb9d00000)]
  0x000001ebd6e57430 JavaThread "WorkerExecutor Queue Thread 9" [_thread_blocked, id=58080, stack(0x0000002bc5c00000,0x0000002bc5d00000)]
  0x000001ebd6e58360 JavaThread "WorkerExecutor Queue Thread 13" [_thread_blocked, id=34176, stack(0x0000002bc7900000,0x0000002bc7a00000)]
  0x000001ebd6e58d80 JavaThread "WorkerExecutor Queue Thread 15" [_thread_blocked, id=2556, stack(0x0000002bc8a00000,0x0000002bc8b00000)]
  0x000001ebd6e555d0 JavaThread "WorkerExecutor Queue Thread 16" [_thread_blocked, id=24928, stack(0x0000002bc8c00000,0x0000002bc8d00000)]
  0x000001ebd6d01fa0 JavaThread "pool-3-thread-1" [_thread_blocked, id=44520, stack(0x0000002bc9300000,0x0000002bc9400000)]
  0x000001ebd6cfe7f0 JavaThread "stderr" [_thread_in_native, id=45928, stack(0x0000002bc9400000,0x0000002bc9500000)]
  0x000001ebcf9f7980 JavaThread "stdout" [_thread_in_native, id=19636, stack(0x0000002bc9500000,0x0000002bc9600000)]
  0x000001ebcf9fc060 JavaThread "RMI RenewClean-[127.0.0.1:17263,org.jetbrains.kotlin.daemon.common.LoopbackNetworkInterface$ClientLoopbackSocketFactory@5f131b45]" daemon [_thread_blocked, id=52268, stack(0x0000002bc9600000,0x0000002bc9700000)]
  0x000001ebcf9fac20 JavaThread "RMI TCP Accept-0" daemon [_thread_in_native, id=10004, stack(0x0000002bc9700000,0x0000002bc9800000)]
  0x000001ebcf9fd9b0 JavaThread "RMI TCP Connection(21)-127.0.0.1" daemon [_thread_in_native, id=584, stack(0x0000002bc9800000,0x0000002bc9900000)]
  0x000001ebd2fa2fd0 JavaThread "RMI TCP Connection(24)-127.0.0.1" daemon [_thread_blocked, id=48904, stack(0x0000002bc9b00000,0x0000002bc9c00000)]
  0x000001ebd2fa0240 JavaThread "Cache worker for Java compile cache (C:\Users\ASUS\.gradle\caches\8.13\javaCompile)" [_thread_blocked, id=21572, stack(0x0000002bc9c00000,0x0000002bc9d00000)]
  0x000001ebd6e4a9b0 JavaThread "Build operations" [_thread_blocked, id=11496, stack(0x0000002bc8000000,0x0000002bc8100000)]
  0x000001ebd6e58870 JavaThread "Build operations Thread 2" [_thread_blocked, id=4788, stack(0x0000002bc8f00000,0x0000002bc9000000)]
  0x000001ebd6e55ae0 JavaThread "Build operations Thread 3" [_thread_blocked, id=27208, stack(0x0000002bc9900000,0x0000002bc9a00000)]
  0x000001ebd2475410 JavaThread "Build operations Thread 4" [_thread_blocked, id=58364, stack(0x0000002bc9d00000,0x0000002bc9e00000)]
  0x000001ebe0adb210 JavaThread "Build operations Thread 5" [_thread_blocked, id=46504, stack(0x0000002bc9e00000,0x0000002bc9f00000)]
  0x000001ebe0ad7a60 JavaThread "Build operations Thread 6" [_thread_blocked, id=53804, stack(0x0000002bc9f00000,0x0000002bca000000)]
  0x000001ebe0ada7f0 JavaThread "Build operations Thread 7" [_thread_blocked, id=45856, stack(0x0000002bca000000,0x0000002bca100000)]
  0x000001ebe0adad00 JavaThread "Build operations Thread 8" [_thread_blocked, id=45324, stack(0x0000002bca100000,0x0000002bca200000)]
  0x000001ebe0ad8480 JavaThread "Build operations Thread 9" [_thread_blocked, id=37316, stack(0x0000002bca200000,0x0000002bca300000)]
  0x000001ebe0ad8990 JavaThread "Build operations Thread 10" [_thread_blocked, id=23276, stack(0x0000002bca300000,0x0000002bca400000)]
  0x000001ebe0ad9dd0 JavaThread "Build operations Thread 11" [_thread_blocked, id=16396, stack(0x0000002bca400000,0x0000002bca500000)]
  0x000001ebe0ad7f70 JavaThread "Build operations Thread 12" [_thread_blocked, id=16532, stack(0x0000002bca500000,0x0000002bca600000)]
  0x000001ebe0ada2e0 JavaThread "Build operations Thread 13" [_thread_blocked, id=50576, stack(0x0000002bca600000,0x0000002bca700000)]
  0x000001ebe0adbc30 JavaThread "Build operations Thread 14" [_thread_blocked, id=27404, stack(0x0000002bca700000,0x0000002bca800000)]
  0x000001ebe0adc140 JavaThread "Build operations Thread 15" [_thread_blocked, id=41116, stack(0x0000002bca800000,0x0000002bca900000)]
  0x000001ebe0adc650 JavaThread "RMI TCP Connection(idle)" daemon [_thread_blocked, id=57776, stack(0x0000002bcaa00000,0x0000002bcab00000)]
  0x000001ebe0ad8ea0 JavaThread "RMI TCP Connection(idle)" daemon [_thread_blocked, id=53948, stack(0x0000002bc9100000,0x0000002bc9200000)]
  0x000001ebe0ad93b0 JavaThread "Build operations Thread 16" [_thread_blocked, id=24684, stack(0x0000002bcae00000,0x0000002bcaf00000)]
  0x000001ebe0adeed0 JavaThread "RMI RenewClean-[127.0.0.1:17263,org.jetbrains.kotlin.daemon.common.LoopbackNetworkInterface$ClientLoopbackSocketFactory@2ff25bc2]" daemon [_thread_blocked, id=12956, stack(0x0000002bcaf00000,0x0000002bcb000000)]
  0x000001ebe0adf8f0 JavaThread "RMI TCP Connection(22)-127.0.0.1" daemon [_thread_in_native, id=2280, stack(0x0000002bcb000000,0x0000002bcb100000)]
  0x000001ebe0ae2680 JavaThread "RMI RenewClean-[127.0.0.1:17263,org.jetbrains.kotlin.daemon.common.LoopbackNetworkInterface$ClientLoopbackSocketFactory@dd48d96]" daemon [_thread_blocked, id=51528, stack(0x0000002bca900000,0x0000002bcaa00000)]
  0x000001ebe0ae1240 JavaThread "RMI TCP Connection(23)-127.0.0.1" daemon [_thread_in_native, id=24168, stack(0x0000002bcac00000,0x0000002bcad00000)]
  0x000001ebe0ae0d30 JavaThread "RMI TCP Connection(idle)" daemon [_thread_blocked, id=10084, stack(0x0000002bc9200000,0x0000002bc9300000)]
  0x000001ebe0ade4b0 JavaThread "WorkerExecutor Queue Thread 18" [_thread_blocked, id=41216, stack(0x0000002bcad00000,0x0000002bcae00000)]
  0x000001ebe0adcb60 JavaThread "WorkerExecutor Queue Thread 19" [_thread_blocked, id=39080, stack(0x0000002bc1100000,0x0000002bc1200000)]
  0x000001ebe0ae1c60 JavaThread "WorkerExecutor Queue Thread 20" [_thread_blocked, id=45100, stack(0x0000002bc1300000,0x0000002bc1400000)]
  0x000001ebde50d880 JavaThread "C1 CompilerThread1" daemon [_thread_blocked, id=13244, stack(0x0000002bc1a00000,0x0000002bc1b00000)]
  0x000001ebdd21ace0 JavaThread "C1 CompilerThread2" daemon [_thread_blocked, id=13936, stack(0x0000002bc7400000,0x0000002bc7500000)]
  0x000001ebdfc6d4d0 JavaThread "C2 CompilerThread1" daemon [_thread_blocked, id=23212, stack(0x0000002bc1400000,0x0000002bc1500000)]
  0x000001ebdc06eaf0 JavaThread "C2 CompilerThread2" daemon [_thread_blocked, id=12804, stack(0x0000002bc7500000,0x0000002bc7600000)]
  0x000001ebde50ddd0 JavaThread "C1 CompilerThread3" daemon [_thread_blocked, id=54228, stack(0x0000002bc9000000,0x0000002bc9100000)]
  0x000001ebd6e4b8e0 JavaThread "WorkerExecutor Queue Thread 21" [_thread_blocked, id=31856, stack(0x0000002bcb100000,0x0000002bcb200000)]
  0x000001ebd6e57940 JavaThread "Exec process Thread 7" [_thread_blocked, id=4928, stack(0x0000002bc6000000,0x0000002bc6100000)]
  0x000001ebd6e57e50 JavaThread "Exec process Thread 8" [_thread_blocked, id=58240, stack(0x0000002bcb300000,0x0000002bcb400000)]
  0x000001ebd6e546a0 JavaThread "Exec process Thread 9" [_thread_blocked, id=57900, stack(0x0000002bcb400000,0x0000002bcb500000)]
  0x000001ebd2fa3f00 JavaThread "ForkJoinPool-1-worker-1" daemon [_thread_blocked, id=31084, stack(0x0000002bcb500000,0x0000002bcb600000)]
  0x000001ebd2fa4e30 JavaThread "ForkJoinPool-1-worker-2" daemon [_thread_blocked, id=27776, stack(0x0000002bcb600000,0x0000002bcb700000)]
  0x000001ebd6cff720 JavaThread "ForkJoinPool-1-worker-3" daemon [_thread_blocked, id=38680, stack(0x0000002bcb700000,0x0000002bcb800000)]
  0x000001ebd6d04820 JavaThread "ForkJoinPool-1-worker-4" daemon [_thread_blocked, id=2120, stack(0x0000002bcb800000,0x0000002bcb900000)]
  0x000001ebe0ae6340 JavaThread "ForkJoinPool-1-worker-5" daemon [_thread_blocked, id=2912, stack(0x0000002bcb900000,0x0000002bcba00000)]
  0x000001ebcf9f41d0 JavaThread "ForkJoinPool-1-worker-6" daemon [_thread_blocked, id=55636, stack(0x0000002bcba00000,0x0000002bcbb00000)]
  0x000001ebd2474f00 JavaThread "ForkJoinPool-1-worker-7" daemon [_thread_blocked, id=52248, stack(0x0000002bcbb00000,0x0000002bcbc00000)]
  0x000001ebd381e820 JavaThread "ForkJoinPool-1-worker-8" daemon [_thread_blocked, id=40824, stack(0x0000002bcbc00000,0x0000002bcbd00000)]
  0x000001ebe867a490 JavaThread "ForkJoinPool-1-worker-9" daemon [_thread_blocked, id=18700, stack(0x0000002bcbd00000,0x0000002bcbe00000)]
  0x000001ebd70162b0 JavaThread "C2 CompilerThread3" daemon [_thread_blocked, id=52112, stack(0x0000002bcbe00000,0x0000002bcbf00000)]
  0x000001ebe8679560 JavaThread "ForkJoinPool-1-worker-10" daemon [_thread_blocked, id=58096, stack(0x0000002bcbf00000,0x0000002bcc000000)]

Other Threads:
=>0x000001ebaef36da0 VMThread "VM Thread" [stack: 0x0000002bb6700000,0x0000002bb6800000] [id=48732]
  0x000001eb90ae6630 WatcherThread [stack: 0x0000002bb7600000,0x0000002bb7700000] [id=13752]
  0x000001eb90b43230 GCTaskThread "GC Thread#0" [stack: 0x0000002bb6200000,0x0000002bb6300000] [id=40628]
  0x000001ebcf81bea0 GCTaskThread "GC Thread#1" [stack: 0x0000002bb7900000,0x0000002bb7a00000] [id=17560]
  0x000001ebcf81c160 GCTaskThread "GC Thread#2" [stack: 0x0000002bb7a00000,0x0000002bb7b00000] [id=23400]
  0x000001ebcf81c420 GCTaskThread "GC Thread#3" [stack: 0x0000002bb7b00000,0x0000002bb7c00000] [id=1604]
  0x000001ebcf6d06d0 GCTaskThread "GC Thread#4" [stack: 0x0000002bb7c00000,0x0000002bb7d00000] [id=33964]
  0x000001ebd3a23900 GCTaskThread "GC Thread#5" [stack: 0x0000002bb8d00000,0x0000002bb8e00000] [id=56536]
  0x000001ebd3962a80 GCTaskThread "GC Thread#6" [stack: 0x0000002bb8e00000,0x0000002bb8f00000] [id=7236]
  0x000001ebd27ff240 GCTaskThread "GC Thread#7" [stack: 0x0000002bb8f00000,0x0000002bb9000000] [id=36180]
  0x000001ebd27ff500 GCTaskThread "GC Thread#8" [stack: 0x0000002bb9000000,0x0000002bb9100000] [id=7260]
  0x000001ebd35196b0 GCTaskThread "GC Thread#9" [stack: 0x0000002bb9100000,0x0000002bb9200000] [id=19004]
  0x000001ebd351a9f0 GCTaskThread "GC Thread#10" [stack: 0x0000002bb9200000,0x0000002bb9300000] [id=5700]
  0x000001ebd351a470 GCTaskThread "GC Thread#11" [stack: 0x0000002bb9300000,0x0000002bb9400000] [id=20068]
  0x000001ebd351a730 GCTaskThread "GC Thread#12" [stack: 0x0000002bb9400000,0x0000002bb9500000] [id=47444]
  0x000001eb90b55d70 ConcurrentGCThread "G1 Main Marker" [stack: 0x0000002bb6300000,0x0000002bb6400000] [id=41448]
  0x000001eb90b56e40 ConcurrentGCThread "G1 Conc#0" [stack: 0x0000002bb6400000,0x0000002bb6500000] [id=28040]
  0x000001ebd3519c30 ConcurrentGCThread "G1 Conc#1" [stack: 0x0000002bb9500000,0x0000002bb9600000] [id=21564]
  0x000001ebd3519970 ConcurrentGCThread "G1 Conc#2" [stack: 0x0000002bb9600000,0x0000002bb9700000] [id=4120]
  0x000001eb90b8d730 ConcurrentGCThread "G1 Refine#0" [stack: 0x0000002bb6500000,0x0000002bb6600000] [id=51976]
  0x000001ebd05506b0 ConcurrentGCThread "G1 Refine#1" [stack: 0x0000002bc8b00000,0x0000002bc8c00000] [id=39532]
  0x000001ebd3c7c140 ConcurrentGCThread "G1 Refine#2" [stack: 0x0000002bc1c00000,0x0000002bc1d00000] [id=10456]
  0x000001ebd089d000 ConcurrentGCThread "G1 Refine#3" [stack: 0x0000002bc1d00000,0x0000002bc1e00000] [id=34476]
  0x000001ebd6359d80 ConcurrentGCThread "G1 Refine#4" [stack: 0x0000002bc1e00000,0x0000002bc1f00000] [id=50352]
  0x000001ebd59785c0 ConcurrentGCThread "G1 Refine#5" [stack: 0x0000002bc1f00000,0x0000002bc2000000] [id=55920]
  0x000001ebd3469de0 ConcurrentGCThread "G1 Refine#6" [stack: 0x0000002bc5b00000,0x0000002bc5c00000] [id=47784]
  0x000001ebdc22e410 ConcurrentGCThread "G1 Refine#7" [stack: 0x0000002bc7b00000,0x0000002bc7c00000] [id=9028]
  0x000001ebd72a6440 ConcurrentGCThread "G1 Refine#8" [stack: 0x0000002bc7d00000,0x0000002bc7e00000] [id=28324]
  0x000001ebd41e3940 ConcurrentGCThread "G1 Refine#9" [stack: 0x0000002bc7f00000,0x0000002bc8000000] [id=56820]
  0x000001ebd6078c50 ConcurrentGCThread "G1 Refine#10" [stack: 0x0000002bc8100000,0x0000002bc8200000] [id=58108]
  0x000001ebaee5e090 ConcurrentGCThread "G1 Service" [stack: 0x0000002bb6600000,0x0000002bb6700000] [id=56980]

Threads with active compile tasks:
C2 CompilerThread0   327007 52307       4       com.android.tools.r8.internal.Ie::b (717 bytes)
C1 CompilerThread0   327007 53719       3       com.android.tools.r8.graph.J0::a (59 bytes)
C1 CompilerThread1   327007 53718       3       com.android.tools.r8.graph.j1::a (85 bytes)
C2 CompilerThread1   327007 53638       4       com.android.tools.r8.ir.optimize.s::a (223 bytes)
C2 CompilerThread2   327007 53662 %     4       com.android.tools.r8.internal.fn::b @ 647 (3613 bytes)
C1 CompilerThread3   327007 53717       3       com.android.tools.r8.graph.v5$$Lambda$6595/0x000001ebb2b43698::a (5 bytes)
C2 CompilerThread3   327007 53686       4       com.android.tools.r8.internal.ws::<init> (683 bytes)

VM state: at safepoint (normal execution)

VM Mutex/Monitor currently owned by a thread:  ([mutex/lock_event])
[0x000001eb90ae15f0] Threads_lock - owner thread: 0x000001ebaef36da0
[0x000001eb90ae1710] Heap_lock - owner thread: 0x000001ebe0ae2680

Heap address: 0x0000000080000000, size: 2048 MB, Compressed Oops mode: 32-bit

CDS archive(s) mapped at: [0x000001ebb0000000-0x000001ebb0bb0000-0x000001ebb0bb0000), size 12255232, SharedBaseAddress: 0x000001ebb0000000, ArchiveRelocationMode: 1.
Compressed class space mapped at: 0x000001ebb1000000-0x000001ebcb000000, reserved size: 436207616
Narrow klass base: 0x000001ebb0000000, Narrow klass shift: 0, Narrow klass range: 0x100000000

GC Precious Log:
 CPUs: 16 total, 16 available
 Memory: 15628M
 Large Page Support: Disabled
 NUMA Support: Disabled
 Compressed Oops: Enabled (32-bit)
 Heap Region Size: 1M
 Heap Min Capacity: 8M
 Heap Initial Capacity: 246M
 Heap Max Capacity: 2G
 Pre-touch: Disabled
 Parallel Workers: 13
 Concurrent Workers: 3
 Concurrent Refinement Workers: 13
 Periodic GC: Disabled

Heap:
 garbage-first heap   total 1326080K, used 741676K [0x0000000080000000, 0x0000000100000000)
  region size 1024K, 2 young (2048K), 2 survivors (2048K)
 Metaspace       used 207939K, committed 212288K, reserved 622592K
  class space    used 27635K, committed 29312K, reserved 425984K

Heap Regions: E=young(eden), S=young(survivor), O=old, HS=humongous(starts), HC=humongous(continues), CS=collection set, F=free, OA=open archive, CA=closed archive, TAMS=top-at-mark-start (previous, next)
|   0|0x0000000080000000, 0x0000000080100000, 0x0000000080100000|100%|HS|  |TAMS 0x0000000080100000, 0x0000000080000000| Complete 
|   1|0x0000000080100000, 0x0000000080200000, 0x0000000080200000|100%|HC|  |TAMS 0x0000000080200000, 0x0000000080100000| Complete 
|   2|0x0000000080200000, 0x0000000080300000, 0x0000000080300000|100%|HC|  |TAMS 0x0000000080300000, 0x0000000080200000| Complete 
|   3|0x0000000080300000, 0x0000000080400000, 0x0000000080400000|100%| O|  |TAMS 0x0000000080400000, 0x0000000080300000| Untracked 
|   4|0x0000000080400000, 0x0000000080500000, 0x0000000080500000|100%| O|  |TAMS 0x0000000080500000, 0x0000000080400000| Untracked 
|   5|0x0000000080500000, 0x0000000080600000, 0x0000000080600000|100%| O|  |TAMS 0x0000000080600000, 0x0000000080500000| Untracked 
|   6|0x0000000080600000, 0x0000000080700000, 0x0000000080700000|100%|HS|  |TAMS 0x0000000080700000, 0x0000000080600000| Complete 
|   7|0x0000000080700000, 0x0000000080800000, 0x0000000080800000|100%| O|  |TAMS 0x0000000080800000, 0x0000000080700000| Untracked 
|   8|0x0000000080800000, 0x0000000080900000, 0x0000000080900000|100%| O|  |TAMS 0x0000000080900000, 0x0000000080800000| Untracked 
|   9|0x0000000080900000, 0x0000000080a00000, 0x0000000080a00000|100%| O|  |TAMS 0x0000000080a00000, 0x0000000080900000| Untracked 
|  10|0x0000000080a00000, 0x0000000080b00000, 0x0000000080b00000|100%| O|  |TAMS 0x0000000080b00000, 0x0000000080a00000| Updating 
|  11|0x0000000080b00000, 0x0000000080c00000, 0x0000000080c00000|100%| O|  |TAMS 0x0000000080c00000, 0x0000000080b00000| Untracked 
|  12|0x0000000080c00000, 0x0000000080ca6600, 0x0000000080d00000| 64%| O|  |TAMS 0x0000000080ca6600, 0x0000000080c00000| Updating 
|  13|0x0000000080d00000, 0x0000000080e00000, 0x0000000080e00000|100%| O|  |TAMS 0x0000000080e00000, 0x0000000080d00000| Untracked 
|  14|0x0000000080e00000, 0x0000000080f00000, 0x0000000080f00000|100%| O|  |TAMS 0x0000000080f00000, 0x0000000080e00000| Untracked 
|  15|0x0000000080f00000, 0x0000000081000000, 0x0000000081000000|100%| O|  |TAMS 0x0000000081000000, 0x0000000080f00000| Untracked 
|  16|0x0000000081000000, 0x0000000081100000, 0x0000000081100000|100%| O|  |TAMS 0x0000000081100000, 0x0000000081000000| Untracked 
|  17|0x0000000081100000, 0x0000000081200000, 0x0000000081200000|100%| O|  |TAMS 0x0000000081200000, 0x0000000081100000| Untracked 
|  18|0x0000000081200000, 0x0000000081300000, 0x0000000081300000|100%| O|  |TAMS 0x0000000081300000, 0x0000000081200000| Untracked 
|  19|0x0000000081300000, 0x0000000081400000, 0x0000000081400000|100%| O|  |TAMS 0x0000000081400000, 0x0000000081300000| Untracked 
|  20|0x0000000081400000, 0x0000000081500000, 0x0000000081500000|100%| O|  |TAMS 0x0000000081500000, 0x0000000081400000| Updating 
|  21|0x0000000081500000, 0x0000000081600000, 0x0000000081600000|100%| O|  |TAMS 0x0000000081600000, 0x0000000081500000| Untracked 
|  22|0x0000000081600000, 0x0000000081700000, 0x0000000081700000|100%| O|  |TAMS 0x0000000081700000, 0x0000000081600000| Untracked 
|  23|0x0000000081700000, 0x0000000081800000, 0x0000000081800000|100%| O|  |TAMS 0x0000000081800000, 0x0000000081700000| Untracked 
|  24|0x0000000081800000, 0x0000000081900000, 0x0000000081900000|100%| O|  |TAMS 0x0000000081900000, 0x0000000081800000| Untracked 
|  25|0x0000000081900000, 0x0000000081a00000, 0x0000000081a00000|100%| O|  |TAMS 0x0000000081a00000, 0x0000000081900000| Untracked 
|  26|0x0000000081a00000, 0x0000000081b00000, 0x0000000081b00000|100%| O|  |TAMS 0x0000000081b00000, 0x0000000081a00000| Untracked 
|  27|0x0000000081b00000, 0x0000000081c00000, 0x0000000081c00000|100%| O|  |TAMS 0x0000000081c00000, 0x0000000081b00000| Updating 
|  28|0x0000000081c00000, 0x0000000081d00000, 0x0000000081d00000|100%| O|  |TAMS 0x0000000081d00000, 0x0000000081c00000| Updating 
|  29|0x0000000081d00000, 0x0000000081e00000, 0x0000000081e00000|100%| O|  |TAMS 0x0000000081e00000, 0x0000000081d00000| Untracked 
|  30|0x0000000081e00000, 0x0000000081f00000, 0x0000000081f00000|100%| O|  |TAMS 0x0000000081f00000, 0x0000000081e00000| Untracked 
|  31|0x0000000081f00000, 0x0000000082000000, 0x0000000082000000|100%| O|  |TAMS 0x0000000082000000, 0x0000000081f00000| Untracked 
|  32|0x0000000082000000, 0x0000000082100000, 0x0000000082100000|100%| O|  |TAMS 0x0000000082100000, 0x0000000082000000| Updating 
|  33|0x0000000082100000, 0x0000000082200000, 0x0000000082200000|100%| O|  |TAMS 0x0000000082200000, 0x0000000082100000| Untracked 
|  34|0x0000000082200000, 0x0000000082300000, 0x0000000082300000|100%| O|  |TAMS 0x0000000082300000, 0x0000000082200000| Updating 
|  35|0x0000000082300000, 0x0000000082400000, 0x0000000082400000|100%| O|  |TAMS 0x0000000082400000, 0x0000000082300000| Untracked 
|  36|0x0000000082400000, 0x0000000082500000, 0x0000000082500000|100%| O|  |TAMS 0x0000000082500000, 0x0000000082400000| Untracked 
|  37|0x0000000082500000, 0x0000000082600000, 0x0000000082600000|100%| O|  |TAMS 0x0000000082600000, 0x0000000082500000| Untracked 
|  38|0x0000000082600000, 0x0000000082700000, 0x0000000082700000|100%| O|  |TAMS 0x0000000082700000, 0x0000000082600000| Updating 
|  39|0x0000000082700000, 0x0000000082800000, 0x0000000082800000|100%| O|  |TAMS 0x0000000082800000, 0x0000000082700000| Untracked 
|  40|0x0000000082800000, 0x0000000082900000, 0x0000000082900000|100%| O|  |TAMS 0x0000000082900000, 0x0000000082800000| Updating 
|  41|0x0000000082900000, 0x0000000082a00000, 0x0000000082a00000|100%| O|  |TAMS 0x0000000082a00000, 0x0000000082900000| Untracked 
|  42|0x0000000082a00000, 0x0000000082b00000, 0x0000000082b00000|100%| O|  |TAMS 0x0000000082b00000, 0x0000000082a00000| Updating 
|  43|0x0000000082b00000, 0x0000000082c00000, 0x0000000082c00000|100%| O|  |TAMS 0x0000000082c00000, 0x0000000082b00000| Untracked 
|  44|0x0000000082c00000, 0x0000000082d00000, 0x0000000082d00000|100%| O|  |TAMS 0x0000000082d00000, 0x0000000082c00000| Untracked 
|  45|0x0000000082d00000, 0x0000000082e00000, 0x0000000082e00000|100%| O|  |TAMS 0x0000000082e00000, 0x0000000082d00000| Updating 
|  46|0x0000000082e00000, 0x0000000082f00000, 0x0000000082f00000|100%| O|  |TAMS 0x0000000082f00000, 0x0000000082e00000| Updating 
|  47|0x0000000082f00000, 0x0000000083000000, 0x0000000083000000|100%| O|  |TAMS 0x0000000083000000, 0x0000000082f00000| Untracked 
|  48|0x0000000083000000, 0x0000000083100000, 0x0000000083100000|100%| O|  |TAMS 0x0000000083100000, 0x0000000083000000| Untracked 
|  49|0x0000000083100000, 0x0000000083200000, 0x0000000083200000|100%| O|  |TAMS 0x0000000083200000, 0x0000000083100000| Updating 
|  50|0x0000000083200000, 0x0000000083300000, 0x0000000083300000|100%|HS|  |TAMS 0x0000000083300000, 0x0000000083200000| Complete 
|  51|0x0000000083300000, 0x0000000083400000, 0x0000000083400000|100%|HC|  |TAMS 0x0000000083400000, 0x0000000083300000| Complete 
|  52|0x0000000083400000, 0x0000000083500000, 0x0000000083500000|100%|HS|  |TAMS 0x0000000083500000, 0x0000000083400000| Complete 
|  53|0x0000000083500000, 0x0000000083600000, 0x0000000083600000|100%|HC|  |TAMS 0x0000000083600000, 0x0000000083500000| Complete 
|  54|0x0000000083600000, 0x0000000083700000, 0x0000000083700000|100%|HC|  |TAMS 0x0000000083700000, 0x0000000083600000| Complete 
|  55|0x0000000083700000, 0x0000000083800000, 0x0000000083800000|100%|HS|  |TAMS 0x0000000083800000, 0x0000000083700000| Complete 
|  56|0x0000000083800000, 0x0000000083900000, 0x0000000083900000|100%|HC|  |TAMS 0x0000000083900000, 0x0000000083800000| Complete 
|  57|0x0000000083900000, 0x0000000083a00000, 0x0000000083a00000|100%| O|  |TAMS 0x0000000083a00000, 0x0000000083900000| Updating 
|  58|0x0000000083a00000, 0x0000000083b00000, 0x0000000083b00000|100%| O|  |TAMS 0x0000000083b00000, 0x0000000083a00000| Untracked 
|  59|0x0000000083b00000, 0x0000000083c00000, 0x0000000083c00000|100%| O|  |TAMS 0x0000000083c00000, 0x0000000083b00000| Updating 
|  60|0x0000000083c00000, 0x0000000083d00000, 0x0000000083d00000|100%| O|  |TAMS 0x0000000083d00000, 0x0000000083c00000| Untracked 
|  61|0x0000000083d00000, 0x0000000083e00000, 0x0000000083e00000|100%| O|  |TAMS 0x0000000083e00000, 0x0000000083d00000| Untracked 
|  62|0x0000000083e00000, 0x0000000083f00000, 0x0000000083f00000|100%|HS|  |TAMS 0x0000000083f00000, 0x0000000083e00000| Complete 
|  63|0x0000000083f00000, 0x0000000084000000, 0x0000000084000000|100%|HC|  |TAMS 0x0000000084000000, 0x0000000083f00000| Complete 
|  64|0x0000000084000000, 0x0000000084100000, 0x0000000084100000|100%|HC|  |TAMS 0x0000000084100000, 0x0000000084000000| Complete 
|  65|0x0000000084100000, 0x0000000084200000, 0x0000000084200000|100%| O|  |TAMS 0x0000000084200000, 0x0000000084100000| Untracked 
|  66|0x0000000084200000, 0x0000000084300000, 0x0000000084300000|100%| O|  |TAMS 0x0000000084300000, 0x0000000084200000| Updating 
|  67|0x0000000084300000, 0x0000000084400000, 0x0000000084400000|100%|HS|  |TAMS 0x0000000084400000, 0x0000000084300000| Complete 
|  68|0x0000000084400000, 0x0000000084500000, 0x0000000084500000|100%|HC|  |TAMS 0x0000000084500000, 0x0000000084400000| Complete 
|  69|0x0000000084500000, 0x0000000084600000, 0x0000000084600000|100%| O|  |TAMS 0x0000000084600000, 0x0000000084500000| Updating 
|  70|0x0000000084600000, 0x0000000084700000, 0x0000000084700000|100%|HS|  |TAMS 0x0000000084700000, 0x0000000084600000| Complete 
|  71|0x0000000084700000, 0x0000000084800000, 0x0000000084800000|100%|HC|  |TAMS 0x0000000084800000, 0x0000000084700000| Complete 
|  72|0x0000000084800000, 0x0000000084900000, 0x0000000084900000|100%|HS|  |TAMS 0x0000000084900000, 0x0000000084800000| Complete 
|  73|0x0000000084900000, 0x0000000084a00000, 0x0000000084a00000|100%|HC|  |TAMS 0x0000000084a00000, 0x0000000084900000| Complete 
|  74|0x0000000084a00000, 0x0000000084b00000, 0x0000000084b00000|100%|HS|  |TAMS 0x0000000084b00000, 0x0000000084a00000| Complete 
|  75|0x0000000084b00000, 0x0000000084c00000, 0x0000000084c00000|100%|HC|  |TAMS 0x0000000084c00000, 0x0000000084b00000| Complete 
|  76|0x0000000084c00000, 0x0000000084d00000, 0x0000000084d00000|100%|HC|  |TAMS 0x0000000084d00000, 0x0000000084c00000| Complete 
|  77|0x0000000084d00000, 0x0000000084e00000, 0x0000000084e00000|100%|HC|  |TAMS 0x0000000084e00000, 0x0000000084d00000| Complete 
|  78|0x0000000084e00000, 0x0000000084f00000, 0x0000000084f00000|100%|HS|  |TAMS 0x0000000084f00000, 0x0000000084e00000| Complete 
|  79|0x0000000084f00000, 0x0000000085000000, 0x0000000085000000|100%|HC|  |TAMS 0x0000000085000000, 0x0000000084f00000| Complete 
|  80|0x0000000085000000, 0x0000000085100000, 0x0000000085100000|100%|HC|  |TAMS 0x0000000085100000, 0x0000000085000000| Complete 
|  81|0x0000000085100000, 0x0000000085200000, 0x0000000085200000|100%|HC|  |TAMS 0x0000000085200000, 0x0000000085100000| Complete 
|  82|0x0000000085200000, 0x0000000085300000, 0x0000000085300000|100%| O|  |TAMS 0x0000000085300000, 0x0000000085200000| Untracked 
|  83|0x0000000085300000, 0x0000000085400000, 0x0000000085400000|100%| O|  |TAMS 0x0000000085400000, 0x0000000085300000| Updating 
|  84|0x0000000085400000, 0x0000000085500000, 0x0000000085500000|100%| O|  |TAMS 0x0000000085500000, 0x0000000085400000| Untracked 
|  85|0x0000000085500000, 0x0000000085600000, 0x0000000085600000|100%| O|  |TAMS 0x0000000085600000, 0x0000000085500000| Untracked 
|  86|0x0000000085600000, 0x0000000085700000, 0x0000000085700000|100%| O|  |TAMS 0x0000000085700000, 0x0000000085600000| Updating 
|  87|0x0000000085700000, 0x0000000085800000, 0x0000000085800000|100%| O|  |TAMS 0x0000000085800000, 0x0000000085700000| Updating 
|  88|0x0000000085800000, 0x00000000858ffff8, 0x0000000085900000| 99%| O|  |TAMS 0x00000000858ffff8, 0x0000000085800000| Untracked 
|  89|0x0000000085900000, 0x0000000085a00000, 0x0000000085a00000|100%| O|  |TAMS 0x0000000085a00000, 0x0000000085900000| Untracked 
|  90|0x0000000085a00000, 0x0000000085b00000, 0x0000000085b00000|100%| O|  |TAMS 0x0000000085b00000, 0x0000000085a00000| Untracked 
|  91|0x0000000085b00000, 0x0000000085c00000, 0x0000000085c00000|100%| O|  |TAMS 0x0000000085c00000, 0x0000000085b00000| Untracked 
|  92|0x0000000085c00000, 0x0000000085d00000, 0x0000000085d00000|100%| O|  |TAMS 0x0000000085d00000, 0x0000000085c00000| Untracked 
|  93|0x0000000085d00000, 0x0000000085e00000, 0x0000000085e00000|100%| O|  |TAMS 0x0000000085e00000, 0x0000000085d00000| Updating 
|  94|0x0000000085e00000, 0x0000000085f00000, 0x0000000085f00000|100%| O|  |TAMS 0x0000000085f00000, 0x0000000085e00000| Untracked 
|  95|0x0000000085f00000, 0x0000000086000000, 0x0000000086000000|100%| O|  |TAMS 0x0000000085f00000, 0x0000000085f00000| Untracked 
|  96|0x0000000086000000, 0x0000000086100000, 0x0000000086100000|100%| O|  |TAMS 0x0000000086100000, 0x0000000086000000| Untracked 
|  97|0x0000000086100000, 0x0000000086200000, 0x0000000086200000|100%| O|  |TAMS 0x0000000086200000, 0x0000000086100000| Untracked 
|  98|0x0000000086200000, 0x0000000086300000, 0x0000000086300000|100%| O|  |TAMS 0x0000000086300000, 0x0000000086200000| Untracked 
|  99|0x0000000086300000, 0x0000000086400000, 0x0000000086400000|100%| O|  |TAMS 0x0000000086400000, 0x0000000086300000| Untracked 
| 100|0x0000000086400000, 0x0000000086500000, 0x0000000086500000|100%| O|  |TAMS 0x0000000086400000, 0x0000000086400000| Untracked 
| 101|0x0000000086500000, 0x0000000086600000, 0x0000000086600000|100%| O|  |TAMS 0x0000000086600000, 0x0000000086500000| Untracked 
| 102|0x0000000086600000, 0x0000000086700000, 0x0000000086700000|100%| O|  |TAMS 0x0000000086700000, 0x0000000086600000| Untracked 
| 103|0x0000000086700000, 0x0000000086800000, 0x0000000086800000|100%| O|  |TAMS 0x0000000086800000, 0x0000000086700000| Updating 
| 104|0x0000000086800000, 0x0000000086900000, 0x0000000086900000|100%| O|  |TAMS 0x0000000086900000, 0x0000000086800000| Untracked 
| 105|0x0000000086900000, 0x0000000086a00000, 0x0000000086a00000|100%| O|  |TAMS 0x0000000086a00000, 0x0000000086900000| Untracked 
| 106|0x0000000086a00000, 0x0000000086b00000, 0x0000000086b00000|100%| O|  |TAMS 0x0000000086a00000, 0x0000000086a00000| Untracked 
| 107|0x0000000086b00000, 0x0000000086c00000, 0x0000000086c00000|100%| O|  |TAMS 0x0000000086c00000, 0x0000000086b00000| Untracked 
| 108|0x0000000086c00000, 0x0000000086d00000, 0x0000000086d00000|100%| O|  |TAMS 0x0000000086d00000, 0x0000000086c00000| Updating 
| 109|0x0000000086d00000, 0x0000000086e00000, 0x0000000086e00000|100%| O|  |TAMS 0x0000000086e00000, 0x0000000086d00000| Untracked 
| 110|0x0000000086e00000, 0x0000000086f00000, 0x0000000086f00000|100%| O|  |TAMS 0x0000000086f00000, 0x0000000086e00000| Untracked 
| 111|0x0000000086f00000, 0x0000000087000000, 0x0000000087000000|100%| O|  |TAMS 0x0000000087000000, 0x0000000086f00000| Updating 
| 112|0x0000000087000000, 0x0000000087100000, 0x0000000087100000|100%| O|  |TAMS 0x0000000087100000, 0x0000000087000000| Untracked 
| 113|0x0000000087100000, 0x0000000087200000, 0x0000000087200000|100%| O|  |TAMS 0x0000000087200000, 0x0000000087100000| Updating 
| 114|0x0000000087200000, 0x0000000087300000, 0x0000000087300000|100%| O|  |TAMS 0x0000000087300000, 0x0000000087200000| Untracked 
| 115|0x0000000087300000, 0x0000000087400000, 0x0000000087400000|100%| O|  |TAMS 0x0000000087400000, 0x0000000087300000| Untracked 
| 116|0x0000000087400000, 0x0000000087500000, 0x0000000087500000|100%| O|  |TAMS 0x0000000087500000, 0x0000000087400000| Untracked 
| 117|0x0000000087500000, 0x0000000087600000, 0x0000000087600000|100%| O|  |TAMS 0x0000000087600000, 0x0000000087500000| Untracked 
| 118|0x0000000087600000, 0x0000000087700000, 0x0000000087700000|100%| O|  |TAMS 0x0000000087700000, 0x0000000087600000| Updating 
| 119|0x0000000087700000, 0x0000000087800000, 0x0000000087800000|100%| O|  |TAMS 0x0000000087800000, 0x0000000087700000| Updating 
| 120|0x0000000087800000, 0x0000000087900000, 0x0000000087900000|100%| O|  |TAMS 0x0000000087900000, 0x0000000087800000| Untracked 
| 121|0x0000000087900000, 0x0000000087a00000, 0x0000000087a00000|100%| O|  |TAMS 0x0000000087a00000, 0x0000000087900000| Updating 
| 122|0x0000000087a00000, 0x0000000087b00000, 0x0000000087b00000|100%| O|  |TAMS 0x0000000087b00000, 0x0000000087a00000| Updating 
| 123|0x0000000087b00000, 0x0000000087c00000, 0x0000000087c00000|100%| O|  |TAMS 0x0000000087c00000, 0x0000000087b00000| Updating 
| 124|0x0000000087c00000, 0x0000000087d00000, 0x0000000087d00000|100%| O|  |TAMS 0x0000000087d00000, 0x0000000087c00000| Updating 
| 125|0x0000000087d00000, 0x0000000087e00000, 0x0000000087e00000|100%| O|  |TAMS 0x0000000087e00000, 0x0000000087d00000| Updating 
| 126|0x0000000087e00000, 0x0000000087f00000, 0x0000000087f00000|100%|HS|  |TAMS 0x0000000087f00000, 0x0000000087e00000| Complete 
| 127|0x0000000087f00000, 0x0000000088000000, 0x0000000088000000|100%|HS|  |TAMS 0x0000000088000000, 0x0000000087f00000| Complete 
| 128|0x0000000088000000, 0x0000000088100000, 0x0000000088100000|100%|HS|  |TAMS 0x0000000088100000, 0x0000000088000000| Complete 
| 129|0x0000000088100000, 0x0000000088200000, 0x0000000088200000|100%|HS|  |TAMS 0x0000000088200000, 0x0000000088100000| Complete 
| 130|0x0000000088200000, 0x0000000088300000, 0x0000000088300000|100%|HS|  |TAMS 0x0000000088300000, 0x0000000088200000| Complete 
| 131|0x0000000088300000, 0x0000000088400000, 0x0000000088400000|100%| O|  |TAMS 0x0000000088400000, 0x0000000088300000| Updating 
| 132|0x0000000088400000, 0x0000000088500000, 0x0000000088500000|100%| O|  |TAMS 0x0000000088500000, 0x0000000088400000| Updating 
| 133|0x0000000088500000, 0x0000000088600000, 0x0000000088600000|100%| O|  |TAMS 0x0000000088600000, 0x0000000088500000| Updating 
| 134|0x0000000088600000, 0x0000000088700000, 0x0000000088700000|100%| O|  |TAMS 0x0000000088700000, 0x0000000088600000| Untracked 
| 135|0x0000000088700000, 0x0000000088800000, 0x0000000088800000|100%| O|  |TAMS 0x0000000088800000, 0x0000000088700000| Updating 
| 136|0x0000000088800000, 0x0000000088900000, 0x0000000088900000|100%| O|  |TAMS 0x0000000088900000, 0x0000000088800000| Untracked 
| 137|0x0000000088900000, 0x0000000088a00000, 0x0000000088a00000|100%| O|  |TAMS 0x0000000088a00000, 0x0000000088900000| Untracked 
| 138|0x0000000088a00000, 0x0000000088b00000, 0x0000000088b00000|100%| O|  |TAMS 0x0000000088b00000, 0x0000000088a00000| Untracked 
| 139|0x0000000088b00000, 0x0000000088c00000, 0x0000000088c00000|100%|HS|  |TAMS 0x0000000088c00000, 0x0000000088b00000| Complete 
| 140|0x0000000088c00000, 0x0000000088d00000, 0x0000000088d00000|100%| O|  |TAMS 0x0000000088d00000, 0x0000000088c00000| Updating 
| 141|0x0000000088d00000, 0x0000000088e00000, 0x0000000088e00000|100%| O|  |TAMS 0x0000000088e00000, 0x0000000088d00000| Updating 
| 142|0x0000000088e00000, 0x0000000088f00000, 0x0000000088f00000|100%| O|  |TAMS 0x0000000088f00000, 0x0000000088e00000| Untracked 
| 143|0x0000000088f00000, 0x0000000089000000, 0x0000000089000000|100%| O|  |TAMS 0x0000000089000000, 0x0000000088f00000| Untracked 
| 144|0x0000000089000000, 0x0000000089100000, 0x0000000089100000|100%|HS|  |TAMS 0x0000000089100000, 0x0000000089000000| Complete 
| 145|0x0000000089100000, 0x0000000089200000, 0x0000000089200000|100%| O|  |TAMS 0x0000000089200000, 0x0000000089100000| Untracked 
| 146|0x0000000089200000, 0x0000000089300000, 0x0000000089300000|100%| O|  |TAMS 0x0000000089300000, 0x0000000089200000| Updating 
| 147|0x0000000089300000, 0x0000000089400000, 0x0000000089400000|100%| O|  |TAMS 0x0000000089400000, 0x0000000089300000| Untracked 
| 148|0x0000000089400000, 0x0000000089500000, 0x0000000089500000|100%| O|  |TAMS 0x0000000089500000, 0x0000000089400000| Untracked 
| 149|0x0000000089500000, 0x0000000089600000, 0x0000000089600000|100%| O|  |TAMS 0x0000000089600000, 0x0000000089500000| Untracked 
| 150|0x0000000089600000, 0x0000000089700000, 0x0000000089700000|100%| O|  |TAMS 0x0000000089700000, 0x0000000089600000| Untracked 
| 151|0x0000000089700000, 0x0000000089800000, 0x0000000089800000|100%| O|  |TAMS 0x0000000089800000, 0x0000000089700000| Updating 
| 152|0x0000000089800000, 0x0000000089900000, 0x0000000089900000|100%| O|  |TAMS 0x0000000089900000, 0x0000000089800000| Updating 
| 153|0x0000000089900000, 0x0000000089a00000, 0x0000000089a00000|100%| O|  |TAMS 0x0000000089a00000, 0x0000000089900000| Untracked 
| 154|0x0000000089a00000, 0x0000000089b00000, 0x0000000089b00000|100%| O|  |TAMS 0x0000000089b00000, 0x0000000089a00000| Untracked 
| 155|0x0000000089b00000, 0x0000000089c00000, 0x0000000089c00000|100%| O|  |TAMS 0x0000000089c00000, 0x0000000089b00000| Updating 
| 156|0x0000000089c00000, 0x0000000089d00000, 0x0000000089d00000|100%| O|  |TAMS 0x0000000089d00000, 0x0000000089c00000| Updating 
| 157|0x0000000089d00000, 0x0000000089e00000, 0x0000000089e00000|100%| O|  |TAMS 0x0000000089e00000, 0x0000000089d00000| Untracked 
| 158|0x0000000089e00000, 0x0000000089f00000, 0x0000000089f00000|100%| O|  |TAMS 0x0000000089f00000, 0x0000000089e00000| Untracked 
| 159|0x0000000089f00000, 0x000000008a000000, 0x000000008a000000|100%| O|  |TAMS 0x000000008a000000, 0x0000000089f00000| Updating 
| 160|0x000000008a000000, 0x000000008a100000, 0x000000008a100000|100%| O|  |TAMS 0x000000008a100000, 0x000000008a000000| Untracked 
| 161|0x000000008a100000, 0x000000008a200000, 0x000000008a200000|100%| O|  |TAMS 0x000000008a200000, 0x000000008a100000| Untracked 
| 162|0x000000008a200000, 0x000000008a300000, 0x000000008a300000|100%| O|  |TAMS 0x000000008a300000, 0x000000008a200000| Untracked 
| 163|0x000000008a300000, 0x000000008a400000, 0x000000008a400000|100%| O|  |TAMS 0x000000008a400000, 0x000000008a300000| Untracked 
| 164|0x000000008a400000, 0x000000008a500000, 0x000000008a500000|100%| O|  |TAMS 0x000000008a500000, 0x000000008a400000| Untracked 
| 165|0x000000008a500000, 0x000000008a600000, 0x000000008a600000|100%| O|  |TAMS 0x000000008a600000, 0x000000008a500000| Updating 
| 166|0x000000008a600000, 0x000000008a700000, 0x000000008a700000|100%| O|  |TAMS 0x000000008a700000, 0x000000008a600000| Untracked 
| 167|0x000000008a700000, 0x000000008a800000, 0x000000008a800000|100%| O|  |TAMS 0x000000008a800000, 0x000000008a700000| Untracked 
| 168|0x000000008a800000, 0x000000008a900000, 0x000000008a900000|100%| O|  |TAMS 0x000000008a900000, 0x000000008a800000| Updating 
| 169|0x000000008a900000, 0x000000008aa00000, 0x000000008aa00000|100%| O|  |TAMS 0x000000008aa00000, 0x000000008a900000| Updating 
| 170|0x000000008aa00000, 0x000000008ab00000, 0x000000008ab00000|100%|HS|  |TAMS 0x000000008ab00000, 0x000000008aa00000| Complete 
| 171|0x000000008ab00000, 0x000000008ac00000, 0x000000008ac00000|100%| O|  |TAMS 0x000000008ac00000, 0x000000008ab00000| Updating 
| 172|0x000000008ac00000, 0x000000008ad00000, 0x000000008ad00000|100%| O|  |TAMS 0x000000008ad00000, 0x000000008ac00000| Untracked 
| 173|0x000000008ad00000, 0x000000008ae00000, 0x000000008ae00000|100%| O|  |TAMS 0x000000008ae00000, 0x000000008ad00000| Untracked 
| 174|0x000000008ae00000, 0x000000008af00000, 0x000000008af00000|100%| O|  |TAMS 0x000000008af00000, 0x000000008ae00000| Untracked 
| 175|0x000000008af00000, 0x000000008b000000, 0x000000008b000000|100%| O|  |TAMS 0x000000008b000000, 0x000000008af00000| Untracked 
| 176|0x000000008b000000, 0x000000008b100000, 0x000000008b100000|100%| O|  |TAMS 0x000000008b100000, 0x000000008b000000| Untracked 
| 177|0x000000008b100000, 0x000000008b200000, 0x000000008b200000|100%| O|  |TAMS 0x000000008b200000, 0x000000008b100000| Untracked 
| 178|0x000000008b200000, 0x000000008b300000, 0x000000008b300000|100%| O|  |TAMS 0x000000008b300000, 0x000000008b200000| Untracked 
| 179|0x000000008b300000, 0x000000008b400000, 0x000000008b400000|100%| O|  |TAMS 0x000000008b400000, 0x000000008b300000| Untracked 
| 180|0x000000008b400000, 0x000000008b500000, 0x000000008b500000|100%| O|  |TAMS 0x000000008b500000, 0x000000008b400000| Untracked 
| 181|0x000000008b500000, 0x000000008b600000, 0x000000008b600000|100%| O|  |TAMS 0x000000008b600000, 0x000000008b500000| Untracked 
| 182|0x000000008b600000, 0x000000008b700000, 0x000000008b700000|100%| O|  |TAMS 0x000000008b700000, 0x000000008b600000| Untracked 
| 183|0x000000008b700000, 0x000000008b800000, 0x000000008b800000|100%| O|  |TAMS 0x000000008b800000, 0x000000008b700000| Untracked 
| 184|0x000000008b800000, 0x000000008b900000, 0x000000008b900000|100%| O|  |TAMS 0x000000008b900000, 0x000000008b800000| Untracked 
| 185|0x000000008b900000, 0x000000008ba00000, 0x000000008ba00000|100%| O|  |TAMS 0x000000008ba00000, 0x000000008b900000| Untracked 
| 186|0x000000008ba00000, 0x000000008bb00000, 0x000000008bb00000|100%| O|  |TAMS 0x000000008bb00000, 0x000000008ba00000| Untracked 
| 187|0x000000008bb00000, 0x000000008bc00000, 0x000000008bc00000|100%| O|  |TAMS 0x000000008bc00000, 0x000000008bb00000| Untracked 
| 188|0x000000008bc00000, 0x000000008bd00000, 0x000000008bd00000|100%| O|  |TAMS 0x000000008bd00000, 0x000000008bc00000| Updating 
| 189|0x000000008bd00000, 0x000000008be00000, 0x000000008be00000|100%| O|  |TAMS 0x000000008be00000, 0x000000008bd00000| Untracked 
| 190|0x000000008be00000, 0x000000008bf00000, 0x000000008bf00000|100%| O|  |TAMS 0x000000008bf00000, 0x000000008be00000| Untracked 
| 191|0x000000008bf00000, 0x000000008c000000, 0x000000008c000000|100%| O|  |TAMS 0x000000008c000000, 0x000000008bf00000| Untracked 
| 192|0x000000008c000000, 0x000000008c100000, 0x000000008c100000|100%| O|  |TAMS 0x000000008c100000, 0x000000008c000000| Updating 
| 193|0x000000008c100000, 0x000000008c200000, 0x000000008c200000|100%| O|  |TAMS 0x000000008c200000, 0x000000008c100000| Updating 
| 194|0x000000008c200000, 0x000000008c300000, 0x000000008c300000|100%|HS|  |TAMS 0x000000008c300000, 0x000000008c200000| Complete 
| 195|0x000000008c300000, 0x000000008c400000, 0x000000008c400000|100%| O|  |TAMS 0x000000008c400000, 0x000000008c300000| Updating 
| 196|0x000000008c400000, 0x000000008c500000, 0x000000008c500000|100%| O|  |TAMS 0x000000008c500000, 0x000000008c400000| Untracked 
| 197|0x000000008c500000, 0x000000008c600000, 0x000000008c600000|100%| O|  |TAMS 0x000000008c600000, 0x000000008c500000| Untracked 
| 198|0x000000008c600000, 0x000000008c700000, 0x000000008c700000|100%| O|  |TAMS 0x000000008c700000, 0x000000008c600000| Untracked 
| 199|0x000000008c700000, 0x000000008c800000, 0x000000008c800000|100%| O|  |TAMS 0x000000008c800000, 0x000000008c700000| Untracked 
| 200|0x000000008c800000, 0x000000008c900000, 0x000000008c900000|100%| O|  |TAMS 0x000000008c900000, 0x000000008c800000| Untracked 
| 201|0x000000008c900000, 0x000000008ca00000, 0x000000008ca00000|100%| O|  |TAMS 0x000000008ca00000, 0x000000008c900000| Updating 
| 202|0x000000008ca00000, 0x000000008cb00000, 0x000000008cb00000|100%| O|  |TAMS 0x000000008cb00000, 0x000000008ca00000| Updating 
| 203|0x000000008cb00000, 0x000000008cc00000, 0x000000008cc00000|100%| O|  |TAMS 0x000000008cc00000, 0x000000008cb00000| Untracked 
| 204|0x000000008cc00000, 0x000000008cd00000, 0x000000008cd00000|100%| O|  |TAMS 0x000000008cd00000, 0x000000008cc00000| Untracked 
| 205|0x000000008cd00000, 0x000000008ce00000, 0x000000008ce00000|100%| O|  |TAMS 0x000000008ce00000, 0x000000008cd00000| Updating 
| 206|0x000000008ce00000, 0x000000008cf00000, 0x000000008cf00000|100%|HS|  |TAMS 0x000000008cf00000, 0x000000008ce00000| Complete 
| 207|0x000000008cf00000, 0x000000008d000000, 0x000000008d000000|100%| O|  |TAMS 0x000000008d000000, 0x000000008cf00000| Updating 
| 208|0x000000008d000000, 0x000000008d100000, 0x000000008d100000|100%| O|  |TAMS 0x000000008d100000, 0x000000008d000000| Untracked 
| 209|0x000000008d100000, 0x000000008d200000, 0x000000008d200000|100%| O|  |TAMS 0x000000008d200000, 0x000000008d100000| Untracked 
| 210|0x000000008d200000, 0x000000008d300000, 0x000000008d300000|100%| O|  |TAMS 0x000000008d300000, 0x000000008d200000| Updating 
| 211|0x000000008d300000, 0x000000008d400000, 0x000000008d400000|100%| O|  |TAMS 0x000000008d400000, 0x000000008d300000| Updating 
| 212|0x000000008d400000, 0x000000008d500000, 0x000000008d500000|100%| O|  |TAMS 0x000000008d500000, 0x000000008d400000| Updating 
| 213|0x000000008d500000, 0x000000008d600000, 0x000000008d600000|100%| O|  |TAMS 0x000000008d600000, 0x000000008d500000| Untracked 
| 214|0x000000008d600000, 0x000000008d700000, 0x000000008d700000|100%| O|  |TAMS 0x000000008d700000, 0x000000008d600000| Untracked 
| 215|0x000000008d700000, 0x000000008d800000, 0x000000008d800000|100%| O|  |TAMS 0x000000008d800000, 0x000000008d700000| Untracked 
| 216|0x000000008d800000, 0x000000008d900000, 0x000000008d900000|100%| O|  |TAMS 0x000000008d900000, 0x000000008d800000| Updating 
| 217|0x000000008d900000, 0x000000008da00000, 0x000000008da00000|100%| O|  |TAMS 0x000000008da00000, 0x000000008d900000| Updating 
| 218|0x000000008da00000, 0x000000008db00000, 0x000000008db00000|100%| O|  |TAMS 0x000000008db00000, 0x000000008da00000| Updating 
| 219|0x000000008db00000, 0x000000008dc00000, 0x000000008dc00000|100%| O|  |TAMS 0x000000008dc00000, 0x000000008db00000| Updating 
| 220|0x000000008dc00000, 0x000000008dd00000, 0x000000008dd00000|100%| O|  |TAMS 0x000000008dd00000, 0x000000008dc00000| Untracked 
| 221|0x000000008dd00000, 0x000000008de00000, 0x000000008de00000|100%| O|  |TAMS 0x000000008de00000, 0x000000008dd00000| Updating 
| 222|0x000000008de00000, 0x000000008df00000, 0x000000008df00000|100%| O|  |TAMS 0x000000008df00000, 0x000000008de00000| Updating 
| 223|0x000000008df00000, 0x000000008e000000, 0x000000008e000000|100%| O|  |TAMS 0x000000008e000000, 0x000000008df00000| Updating 
| 224|0x000000008e000000, 0x000000008e100000, 0x000000008e100000|100%| O|  |TAMS 0x000000008e100000, 0x000000008e000000| Updating 
| 225|0x000000008e100000, 0x000000008e200000, 0x000000008e200000|100%| O|  |TAMS 0x000000008e200000, 0x000000008e100000| Updating 
| 226|0x000000008e200000, 0x000000008e300000, 0x000000008e300000|100%| O|  |TAMS 0x000000008e300000, 0x000000008e200000| Updating 
| 227|0x000000008e300000, 0x000000008e400000, 0x000000008e400000|100%| O|  |TAMS 0x000000008e400000, 0x000000008e300000| Untracked 
| 228|0x000000008e400000, 0x000000008e500000, 0x000000008e500000|100%| O|  |TAMS 0x000000008e500000, 0x000000008e400000| Updating 
| 229|0x000000008e500000, 0x000000008e600000, 0x000000008e600000|100%| O|  |TAMS 0x000000008e600000, 0x000000008e500000| Updating 
| 230|0x000000008e600000, 0x000000008e700000, 0x000000008e700000|100%| O|  |TAMS 0x000000008e700000, 0x000000008e600000| Untracked 
| 231|0x000000008e700000, 0x000000008e800000, 0x000000008e800000|100%| O|  |TAMS 0x000000008e800000, 0x000000008e700000| Updating 
| 232|0x000000008e800000, 0x000000008e900000, 0x000000008e900000|100%| O|  |TAMS 0x000000008e900000, 0x000000008e800000| Untracked 
| 233|0x000000008e900000, 0x000000008ea00000, 0x000000008ea00000|100%| O|  |TAMS 0x000000008ea00000, 0x000000008e900000| Updating 
| 234|0x000000008ea00000, 0x000000008eb00000, 0x000000008eb00000|100%| O|  |TAMS 0x000000008eb00000, 0x000000008ea00000| Untracked 
| 235|0x000000008eb00000, 0x000000008ec00000, 0x000000008ec00000|100%| O|  |TAMS 0x000000008ec00000, 0x000000008eb00000| Untracked 
| 236|0x000000008ec00000, 0x000000008ed00000, 0x000000008ed00000|100%| O|  |TAMS 0x000000008ed00000, 0x000000008ec00000| Untracked 
| 237|0x000000008ed00000, 0x000000008ee00000, 0x000000008ee00000|100%| O|  |TAMS 0x000000008ee00000, 0x000000008ed00000| Untracked 
| 238|0x000000008ee00000, 0x000000008ef00000, 0x000000008ef00000|100%| O|  |TAMS 0x000000008ef00000, 0x000000008ee00000| Untracked 
| 239|0x000000008ef00000, 0x000000008f000000, 0x000000008f000000|100%| O|  |TAMS 0x000000008f000000, 0x000000008ef00000| Untracked 
| 240|0x000000008f000000, 0x000000008f100000, 0x000000008f100000|100%| O|  |TAMS 0x000000008f100000, 0x000000008f000000| Untracked 
| 241|0x000000008f100000, 0x000000008f200000, 0x000000008f200000|100%| O|  |TAMS 0x000000008f200000, 0x000000008f100000| Untracked 
| 242|0x000000008f200000, 0x000000008f300000, 0x000000008f300000|100%| O|  |TAMS 0x000000008f300000, 0x000000008f200000| Untracked 
| 243|0x000000008f300000, 0x000000008f400000, 0x000000008f400000|100%| O|  |TAMS 0x000000008f400000, 0x000000008f300000| Untracked 
| 244|0x000000008f400000, 0x000000008f500000, 0x000000008f500000|100%| O|  |TAMS 0x000000008f500000, 0x000000008f400000| Untracked 
| 245|0x000000008f500000, 0x000000008f600000, 0x000000008f600000|100%| O|  |TAMS 0x000000008f600000, 0x000000008f500000| Untracked 
| 246|0x000000008f600000, 0x000000008f700000, 0x000000008f700000|100%| O|  |TAMS 0x000000008f700000, 0x000000008f600000| Updating 
| 247|0x000000008f700000, 0x000000008f800000, 0x000000008f800000|100%| O|  |TAMS 0x000000008f800000, 0x000000008f700000| Updating 
| 248|0x000000008f800000, 0x000000008f900000, 0x000000008f900000|100%| O|  |TAMS 0x000000008f900000, 0x000000008f800000| Updating 
| 249|0x000000008f900000, 0x000000008fa00000, 0x000000008fa00000|100%| O|  |TAMS 0x000000008fa00000, 0x000000008f900000| Updating 
| 250|0x000000008fa00000, 0x000000008fb00000, 0x000000008fb00000|100%| O|  |TAMS 0x000000008fb00000, 0x000000008fa00000| Updating 
| 251|0x000000008fb00000, 0x000000008fc00000, 0x000000008fc00000|100%| O|  |TAMS 0x000000008fc00000, 0x000000008fb00000| Updating 
| 252|0x000000008fc00000, 0x000000008fd00000, 0x000000008fd00000|100%| O|  |TAMS 0x000000008fd00000, 0x000000008fc00000| Updating 
| 253|0x000000008fd00000, 0x000000008fe00000, 0x000000008fe00000|100%| O|  |TAMS 0x000000008fe00000, 0x000000008fd00000| Updating 
| 254|0x000000008fe00000, 0x000000008ff00000, 0x000000008ff00000|100%| O|  |TAMS 0x000000008ff00000, 0x000000008fe00000| Updating 
| 255|0x000000008ff00000, 0x0000000090000000, 0x0000000090000000|100%| O|  |TAMS 0x0000000090000000, 0x000000008ff00000| Updating 
| 256|0x0000000090000000, 0x0000000090100000, 0x0000000090100000|100%| O|  |TAMS 0x0000000090100000, 0x0000000090000000| Updating 
| 257|0x0000000090100000, 0x0000000090200000, 0x0000000090200000|100%| O|  |TAMS 0x0000000090200000, 0x0000000090100000| Updating 
| 258|0x0000000090200000, 0x0000000090300000, 0x0000000090300000|100%| O|  |TAMS 0x0000000090300000, 0x0000000090200000| Updating 
| 259|0x0000000090300000, 0x0000000090400000, 0x0000000090400000|100%| O|  |TAMS 0x0000000090400000, 0x0000000090300000| Updating 
| 260|0x0000000090400000, 0x0000000090500000, 0x0000000090500000|100%| O|  |TAMS 0x0000000090500000, 0x0000000090400000| Untracked 
| 261|0x0000000090500000, 0x0000000090600000, 0x0000000090600000|100%| O|  |TAMS 0x0000000090600000, 0x0000000090500000| Untracked 
| 262|0x0000000090600000, 0x0000000090700000, 0x0000000090700000|100%| O|  |TAMS 0x0000000090700000, 0x0000000090600000| Untracked 
| 263|0x0000000090700000, 0x0000000090800000, 0x0000000090800000|100%| O|  |TAMS 0x0000000090800000, 0x0000000090700000| Updating 
| 264|0x0000000090800000, 0x0000000090900000, 0x0000000090900000|100%| O|  |TAMS 0x0000000090900000, 0x0000000090800000| Untracked 
| 265|0x0000000090900000, 0x0000000090a00000, 0x0000000090a00000|100%| O|  |TAMS 0x0000000090a00000, 0x0000000090900000| Updating 
| 266|0x0000000090a00000, 0x0000000090b00000, 0x0000000090b00000|100%| O|  |TAMS 0x0000000090b00000, 0x0000000090a00000| Updating 
| 267|0x0000000090b00000, 0x0000000090c00000, 0x0000000090c00000|100%| O|  |TAMS 0x0000000090c00000, 0x0000000090b00000| Updating 
| 268|0x0000000090c00000, 0x0000000090d00000, 0x0000000090d00000|100%| O|  |TAMS 0x0000000090d00000, 0x0000000090c00000| Untracked 
| 269|0x0000000090d00000, 0x0000000090e00000, 0x0000000090e00000|100%| O|  |TAMS 0x0000000090e00000, 0x0000000090d00000| Updating 
| 270|0x0000000090e00000, 0x0000000090f00000, 0x0000000090f00000|100%| O|  |TAMS 0x0000000090f00000, 0x0000000090e00000| Updating 
| 271|0x0000000090f00000, 0x0000000091000000, 0x0000000091000000|100%| O|  |TAMS 0x0000000091000000, 0x0000000090f00000| Updating 
| 272|0x0000000091000000, 0x0000000091100000, 0x0000000091100000|100%| O|  |TAMS 0x0000000091100000, 0x0000000091000000| Updating 
| 273|0x0000000091100000, 0x0000000091200000, 0x0000000091200000|100%| O|  |TAMS 0x0000000091200000, 0x0000000091100000| Updating 
| 274|0x0000000091200000, 0x0000000091300000, 0x0000000091300000|100%| O|  |TAMS 0x0000000091300000, 0x0000000091200000| Updating 
| 275|0x0000000091300000, 0x0000000091400000, 0x0000000091400000|100%| O|  |TAMS 0x0000000091400000, 0x0000000091300000| Updating 
| 276|0x0000000091400000, 0x0000000091500000, 0x0000000091500000|100%| O|  |TAMS 0x0000000091500000, 0x0000000091400000| Updating 
| 277|0x0000000091500000, 0x0000000091600000, 0x0000000091600000|100%| O|  |TAMS 0x0000000091600000, 0x0000000091500000| Updating 
| 278|0x0000000091600000, 0x0000000091700000, 0x0000000091700000|100%| O|  |TAMS 0x0000000091700000, 0x0000000091600000| Updating 
| 279|0x0000000091700000, 0x0000000091800000, 0x0000000091800000|100%| O|  |TAMS 0x0000000091800000, 0x0000000091700000| Updating 
| 280|0x0000000091800000, 0x0000000091900000, 0x0000000091900000|100%| O|  |TAMS 0x0000000091900000, 0x0000000091800000| Updating 
| 281|0x0000000091900000, 0x0000000091a00000, 0x0000000091a00000|100%| O|  |TAMS 0x0000000091a00000, 0x0000000091900000| Updating 
| 282|0x0000000091a00000, 0x0000000091b00000, 0x0000000091b00000|100%| O|  |TAMS 0x0000000091b00000, 0x0000000091a00000| Updating 
| 283|0x0000000091b00000, 0x0000000091c00000, 0x0000000091c00000|100%| O|  |TAMS 0x0000000091c00000, 0x0000000091b00000| Updating 
| 284|0x0000000091c00000, 0x0000000091d00000, 0x0000000091d00000|100%| O|  |TAMS 0x0000000091d00000, 0x0000000091c00000| Updating 
| 285|0x0000000091d00000, 0x0000000091e00000, 0x0000000091e00000|100%| O|  |TAMS 0x0000000091e00000, 0x0000000091d00000| Updating 
| 286|0x0000000091e00000, 0x0000000091f00000, 0x0000000091f00000|100%| O|  |TAMS 0x0000000091f00000, 0x0000000091e00000| Updating 
| 287|0x0000000091f00000, 0x0000000092000000, 0x0000000092000000|100%| O|  |TAMS 0x0000000092000000, 0x0000000091f00000| Updating 
| 288|0x0000000092000000, 0x0000000092100000, 0x0000000092100000|100%| O|  |TAMS 0x0000000092100000, 0x0000000092000000| Updating 
| 289|0x0000000092100000, 0x0000000092200000, 0x0000000092200000|100%| O|  |TAMS 0x0000000092200000, 0x0000000092100000| Updating 
| 290|0x0000000092200000, 0x0000000092300000, 0x0000000092300000|100%| O|  |TAMS 0x0000000092300000, 0x0000000092200000| Updating 
| 291|0x0000000092300000, 0x0000000092400000, 0x0000000092400000|100%| O|  |TAMS 0x0000000092400000, 0x0000000092300000| Updating 
| 292|0x0000000092400000, 0x0000000092500000, 0x0000000092500000|100%|HS|  |TAMS 0x0000000092500000, 0x0000000092400000| Complete 
| 293|0x0000000092500000, 0x0000000092600000, 0x0000000092600000|100%|HC|  |TAMS 0x0000000092600000, 0x0000000092500000| Complete 
| 294|0x0000000092600000, 0x0000000092700000, 0x0000000092700000|100%| O|  |TAMS 0x0000000092600000, 0x0000000092600000| Untracked 
| 295|0x0000000092700000, 0x0000000092800000, 0x0000000092800000|100%|HS|  |TAMS 0x0000000092800000, 0x0000000092700000| Complete 
| 296|0x0000000092800000, 0x0000000092900000, 0x0000000092900000|100%| O|  |TAMS 0x0000000092900000, 0x0000000092800000| Untracked 
| 297|0x0000000092900000, 0x0000000092a00000, 0x0000000092a00000|100%| O|  |TAMS 0x0000000092a00000, 0x0000000092900000| Untracked 
| 298|0x0000000092a00000, 0x0000000092b00000, 0x0000000092b00000|100%| O|  |TAMS 0x0000000092a00000, 0x0000000092a00000| Untracked 
| 299|0x0000000092b00000, 0x0000000092c00000, 0x0000000092c00000|100%| O|  |TAMS 0x0000000092c00000, 0x0000000092b00000| Untracked 
| 300|0x0000000092c00000, 0x0000000092d00000, 0x0000000092d00000|100%| O|  |TAMS 0x0000000092d00000, 0x0000000092c00000| Untracked 
| 301|0x0000000092d00000, 0x0000000092e00000, 0x0000000092e00000|100%| O|  |TAMS 0x0000000092e00000, 0x0000000092d00000| Untracked 
| 302|0x0000000092e00000, 0x0000000092f00000, 0x0000000092f00000|100%| O|  |TAMS 0x0000000092f00000, 0x0000000092e00000| Untracked 
| 303|0x0000000092f00000, 0x0000000093000000, 0x0000000093000000|100%| O|  |TAMS 0x0000000093000000, 0x0000000092f00000| Untracked 
| 304|0x0000000093000000, 0x0000000093100000, 0x0000000093100000|100%| O|  |TAMS 0x0000000093100000, 0x0000000093000000| Untracked 
| 305|0x0000000093100000, 0x0000000093200000, 0x0000000093200000|100%| O|  |TAMS 0x0000000093200000, 0x0000000093100000| Untracked 
| 306|0x0000000093200000, 0x0000000093300000, 0x0000000093300000|100%| O|  |TAMS 0x0000000093300000, 0x0000000093200000| Untracked 
| 307|0x0000000093300000, 0x0000000093400000, 0x0000000093400000|100%| O|  |TAMS 0x0000000093400000, 0x0000000093300000| Untracked 
| 308|0x0000000093400000, 0x0000000093500000, 0x0000000093500000|100%| O|  |TAMS 0x0000000093500000, 0x0000000093400000| Untracked 
| 309|0x0000000093500000, 0x0000000093600000, 0x0000000093600000|100%| O|  |TAMS 0x0000000093600000, 0x0000000093500000| Untracked 
| 310|0x0000000093600000, 0x0000000093700000, 0x0000000093700000|100%| O|  |TAMS 0x0000000093700000, 0x0000000093600000| Untracked 
| 311|0x0000000093700000, 0x0000000093800000, 0x0000000093800000|100%| O|  |TAMS 0x0000000093800000, 0x0000000093700000| Untracked 
| 312|0x0000000093800000, 0x0000000093900000, 0x0000000093900000|100%| O|  |TAMS 0x0000000093900000, 0x0000000093800000| Updating 
| 313|0x0000000093900000, 0x0000000093a00000, 0x0000000093a00000|100%| O|  |TAMS 0x0000000093a00000, 0x0000000093900000| Untracked 
| 314|0x0000000093a00000, 0x0000000093b00000, 0x0000000093b00000|100%| O|  |TAMS 0x0000000093b00000, 0x0000000093a00000| Updating 
| 315|0x0000000093b00000, 0x0000000093c00000, 0x0000000093c00000|100%| O|  |TAMS 0x0000000093c00000, 0x0000000093b00000| Untracked 
| 316|0x0000000093c00000, 0x0000000093d00000, 0x0000000093d00000|100%| O|  |TAMS 0x0000000093d00000, 0x0000000093c00000| Untracked 
| 317|0x0000000093d00000, 0x0000000093e00000, 0x0000000093e00000|100%| O|  |TAMS 0x0000000093e00000, 0x0000000093d00000| Untracked 
| 318|0x0000000093e00000, 0x0000000093f00000, 0x0000000093f00000|100%| O|  |TAMS 0x0000000093f00000, 0x0000000093e00000| Untracked 
| 319|0x0000000093f00000, 0x0000000094000000, 0x0000000094000000|100%| O|  |TAMS 0x0000000094000000, 0x0000000093f00000| Updating 
| 320|0x0000000094000000, 0x0000000094100000, 0x0000000094100000|100%| O|  |TAMS 0x0000000094100000, 0x0000000094000000| Updating 
| 321|0x0000000094100000, 0x0000000094200000, 0x0000000094200000|100%| O|  |TAMS 0x0000000094200000, 0x0000000094100000| Untracked 
| 322|0x0000000094200000, 0x0000000094300000, 0x0000000094300000|100%| O|  |TAMS 0x0000000094300000, 0x0000000094200000| Updating 
| 323|0x0000000094300000, 0x0000000094400000, 0x0000000094400000|100%| O|  |TAMS 0x0000000094400000, 0x0000000094300000| Untracked 
| 324|0x0000000094400000, 0x0000000094500000, 0x0000000094500000|100%| O|  |TAMS 0x0000000094500000, 0x0000000094400000| Untracked 
| 325|0x0000000094500000, 0x0000000094600000, 0x0000000094600000|100%| O|  |TAMS 0x0000000094600000, 0x0000000094500000| Untracked 
| 326|0x0000000094600000, 0x0000000094700000, 0x0000000094700000|100%| O|  |TAMS 0x0000000094700000, 0x0000000094600000| Untracked 
| 327|0x0000000094700000, 0x0000000094800000, 0x0000000094800000|100%| O|  |TAMS 0x0000000094800000, 0x0000000094700000| Untracked 
| 328|0x0000000094800000, 0x0000000094900000, 0x0000000094900000|100%| O|  |TAMS 0x0000000094900000, 0x0000000094800000| Untracked 
| 329|0x0000000094900000, 0x0000000094a00000, 0x0000000094a00000|100%| O|  |TAMS 0x0000000094a00000, 0x0000000094900000| Untracked 
| 330|0x0000000094a00000, 0x0000000094b00000, 0x0000000094b00000|100%| O|  |TAMS 0x0000000094b00000, 0x0000000094a00000| Untracked 
| 331|0x0000000094b00000, 0x0000000094c00000, 0x0000000094c00000|100%| O|  |TAMS 0x0000000094c00000, 0x0000000094b00000| Untracked 
| 332|0x0000000094c00000, 0x0000000094d00000, 0x0000000094d00000|100%| O|  |TAMS 0x0000000094d00000, 0x0000000094c00000| Untracked 
| 333|0x0000000094d00000, 0x0000000094e00000, 0x0000000094e00000|100%| O|  |TAMS 0x0000000094e00000, 0x0000000094d00000| Updating 
| 334|0x0000000094e00000, 0x0000000094f00000, 0x0000000094f00000|100%| O|  |TAMS 0x0000000094f00000, 0x0000000094e00000| Untracked 
| 335|0x0000000094f00000, 0x0000000095000000, 0x0000000095000000|100%| O|  |TAMS 0x0000000095000000, 0x0000000094f00000| Updating 
| 336|0x0000000095000000, 0x0000000095100000, 0x0000000095100000|100%| O|  |TAMS 0x0000000095100000, 0x0000000095000000| Updating 
| 337|0x0000000095100000, 0x0000000095200000, 0x0000000095200000|100%| O|  |TAMS 0x0000000095200000, 0x0000000095100000| Updating 
| 338|0x0000000095200000, 0x0000000095300000, 0x0000000095300000|100%| O|  |TAMS 0x0000000095300000, 0x0000000095200000| Updating 
| 339|0x0000000095300000, 0x0000000095400000, 0x0000000095400000|100%| O|  |TAMS 0x0000000095400000, 0x0000000095300000| Updating 
| 340|0x0000000095400000, 0x0000000095500000, 0x0000000095500000|100%| O|  |TAMS 0x0000000095500000, 0x0000000095400000| Updating 
| 341|0x0000000095500000, 0x0000000095600000, 0x0000000095600000|100%| O|  |TAMS 0x0000000095600000, 0x0000000095500000| Updating 
| 342|0x0000000095600000, 0x0000000095700000, 0x0000000095700000|100%|HS|  |TAMS 0x0000000095700000, 0x0000000095600000| Complete 
| 343|0x0000000095700000, 0x0000000095800000, 0x0000000095800000|100%|HC|  |TAMS 0x0000000095800000, 0x0000000095700000| Complete 
| 344|0x0000000095800000, 0x0000000095900000, 0x0000000095900000|100%|HS|  |TAMS 0x0000000095900000, 0x0000000095800000| Complete 
| 345|0x0000000095900000, 0x0000000095a00000, 0x0000000095a00000|100%|HS|  |TAMS 0x0000000095a00000, 0x0000000095900000| Complete 
| 346|0x0000000095a00000, 0x0000000095b00000, 0x0000000095b00000|100%|HS|  |TAMS 0x0000000095b00000, 0x0000000095a00000| Complete 
| 347|0x0000000095b00000, 0x0000000095c00000, 0x0000000095c00000|100%|HS|  |TAMS 0x0000000095c00000, 0x0000000095b00000| Complete 
| 348|0x0000000095c00000, 0x0000000095d00000, 0x0000000095d00000|100%| O|  |TAMS 0x0000000095d00000, 0x0000000095c00000| Updating 
| 349|0x0000000095d00000, 0x0000000095e00000, 0x0000000095e00000|100%| O|  |TAMS 0x0000000095e00000, 0x0000000095d00000| Untracked 
| 350|0x0000000095e00000, 0x0000000095f00000, 0x0000000095f00000|100%| O|  |TAMS 0x0000000095f00000, 0x0000000095e00000| Untracked 
| 351|0x0000000095f00000, 0x0000000096000000, 0x0000000096000000|100%|HS|  |TAMS 0x0000000096000000, 0x0000000095f00000| Complete 
| 352|0x0000000096000000, 0x0000000096100000, 0x0000000096100000|100%| O|  |TAMS 0x0000000096100000, 0x0000000096000000| Untracked 
| 353|0x0000000096100000, 0x0000000096200000, 0x0000000096200000|100%| O|  |TAMS 0x0000000096200000, 0x0000000096100000| Untracked 
| 354|0x0000000096200000, 0x0000000096300000, 0x0000000096300000|100%| O|  |TAMS 0x0000000096300000, 0x0000000096200000| Untracked 
| 355|0x0000000096300000, 0x0000000096400000, 0x0000000096400000|100%| O|  |TAMS 0x0000000096400000, 0x0000000096300000| Untracked 
| 356|0x0000000096400000, 0x0000000096500000, 0x0000000096500000|100%| O|  |TAMS 0x0000000096500000, 0x0000000096400000| Untracked 
| 357|0x0000000096500000, 0x0000000096600000, 0x0000000096600000|100%| O|  |TAMS 0x0000000096600000, 0x0000000096500000| Untracked 
| 358|0x0000000096600000, 0x0000000096700000, 0x0000000096700000|100%| O|  |TAMS 0x0000000096700000, 0x0000000096600000| Untracked 
| 359|0x0000000096700000, 0x0000000096800000, 0x0000000096800000|100%| O|  |TAMS 0x0000000096800000, 0x0000000096700000| Untracked 
| 360|0x0000000096800000, 0x0000000096900000, 0x0000000096900000|100%| O|  |TAMS 0x0000000096900000, 0x0000000096800000| Untracked 
| 361|0x0000000096900000, 0x0000000096a00000, 0x0000000096a00000|100%| O|  |TAMS 0x0000000096a00000, 0x0000000096900000| Untracked 
| 362|0x0000000096a00000, 0x0000000096b00000, 0x0000000096b00000|100%| O|  |TAMS 0x0000000096b00000, 0x0000000096a00000| Untracked 
| 363|0x0000000096b00000, 0x0000000096c00000, 0x0000000096c00000|100%|HS|  |TAMS 0x0000000096c00000, 0x0000000096b00000| Complete 
| 364|0x0000000096c00000, 0x0000000096d00000, 0x0000000096d00000|100%| O|  |TAMS 0x0000000096d00000, 0x0000000096c00000| Updating 
| 365|0x0000000096d00000, 0x0000000096e00000, 0x0000000096e00000|100%| O|  |TAMS 0x0000000096e00000, 0x0000000096d00000| Updating 
| 366|0x0000000096e00000, 0x0000000096f00000, 0x0000000096f00000|100%|HS|  |TAMS 0x0000000096f00000, 0x0000000096e00000| Complete 
| 367|0x0000000096f00000, 0x0000000097000000, 0x0000000097000000|100%| O|  |TAMS 0x0000000097000000, 0x0000000096f00000| Untracked 
| 368|0x0000000097000000, 0x0000000097100000, 0x0000000097100000|100%| O|  |TAMS 0x0000000097100000, 0x0000000097000000| Untracked 
| 369|0x0000000097100000, 0x0000000097200000, 0x0000000097200000|100%| O|  |TAMS 0x0000000097200000, 0x0000000097100000| Untracked 
| 370|0x0000000097200000, 0x0000000097300000, 0x0000000097300000|100%| O|  |TAMS 0x0000000097300000, 0x0000000097200000| Untracked 
| 371|0x0000000097300000, 0x0000000097400000, 0x0000000097400000|100%| O|  |TAMS 0x0000000097400000, 0x0000000097300000| Untracked 
| 372|0x0000000097400000, 0x0000000097500000, 0x0000000097500000|100%| O|  |TAMS 0x0000000097500000, 0x0000000097400000| Untracked 
| 373|0x0000000097500000, 0x0000000097600000, 0x0000000097600000|100%| O|  |TAMS 0x0000000097600000, 0x0000000097500000| Updating 
| 374|0x0000000097600000, 0x0000000097700000, 0x0000000097700000|100%| O|  |TAMS 0x0000000097700000, 0x0000000097600000| Untracked 
| 375|0x0000000097700000, 0x0000000097800000, 0x0000000097800000|100%| O|  |TAMS 0x0000000097800000, 0x0000000097700000| Untracked 
| 376|0x0000000097800000, 0x0000000097900000, 0x0000000097900000|100%| O|  |TAMS 0x0000000097900000, 0x0000000097800000| Untracked 
| 377|0x0000000097900000, 0x0000000097a00000, 0x0000000097a00000|100%| O|  |TAMS 0x0000000097a00000, 0x0000000097900000| Untracked 
| 378|0x0000000097a00000, 0x0000000097b00000, 0x0000000097b00000|100%| O|  |TAMS 0x0000000097b00000, 0x0000000097a00000| Untracked 
| 379|0x0000000097b00000, 0x0000000097c00000, 0x0000000097c00000|100%| O|  |TAMS 0x0000000097c00000, 0x0000000097b00000| Untracked 
| 380|0x0000000097c00000, 0x0000000097d00000, 0x0000000097d00000|100%| O|  |TAMS 0x0000000097d00000, 0x0000000097c00000| Untracked 
| 381|0x0000000097d00000, 0x0000000097e00000, 0x0000000097e00000|100%| O|  |TAMS 0x0000000097e00000, 0x0000000097d00000| Untracked 
| 382|0x0000000097e00000, 0x0000000097f00000, 0x0000000097f00000|100%| O|  |TAMS 0x0000000097f00000, 0x0000000097e00000| Updating 
| 383|0x0000000097f00000, 0x0000000098000000, 0x0000000098000000|100%| O|  |TAMS 0x0000000098000000, 0x0000000097f00000| Untracked 
| 384|0x0000000098000000, 0x0000000098100000, 0x0000000098100000|100%| O|  |TAMS 0x0000000098100000, 0x0000000098000000| Untracked 
| 385|0x0000000098100000, 0x0000000098200000, 0x0000000098200000|100%| O|  |TAMS 0x0000000098200000, 0x0000000098100000| Untracked 
| 386|0x0000000098200000, 0x0000000098300000, 0x0000000098300000|100%| O|  |TAMS 0x0000000098300000, 0x0000000098200000| Updating 
| 387|0x0000000098300000, 0x0000000098400000, 0x0000000098400000|100%| O|  |TAMS 0x0000000098400000, 0x0000000098300000| Untracked 
| 388|0x0000000098400000, 0x0000000098500000, 0x0000000098500000|100%| O|  |TAMS 0x0000000098500000, 0x0000000098400000| Untracked 
| 389|0x0000000098500000, 0x0000000098600000, 0x0000000098600000|100%| O|  |TAMS 0x0000000098600000, 0x0000000098500000| Untracked 
| 390|0x0000000098600000, 0x0000000098700000, 0x0000000098700000|100%| O|  |TAMS 0x0000000098700000, 0x0000000098600000| Untracked 
| 391|0x0000000098700000, 0x0000000098800000, 0x0000000098800000|100%| O|  |TAMS 0x0000000098800000, 0x0000000098700000| Untracked 
| 392|0x0000000098800000, 0x0000000098900000, 0x0000000098900000|100%| O|  |TAMS 0x0000000098900000, 0x0000000098800000| Untracked 
| 393|0x0000000098900000, 0x0000000098a00000, 0x0000000098a00000|100%| O|  |TAMS 0x0000000098a00000, 0x0000000098900000| Untracked 
| 394|0x0000000098a00000, 0x0000000098b00000, 0x0000000098b00000|100%| O|  |TAMS 0x0000000098b00000, 0x0000000098a00000| Untracked 
| 395|0x0000000098b00000, 0x0000000098c00000, 0x0000000098c00000|100%| O|  |TAMS 0x0000000098c00000, 0x0000000098b00000| Untracked 
| 396|0x0000000098c00000, 0x0000000098d00000, 0x0000000098d00000|100%| O|  |TAMS 0x0000000098d00000, 0x0000000098c00000| Untracked 
| 397|0x0000000098d00000, 0x0000000098e00000, 0x0000000098e00000|100%| O|  |TAMS 0x0000000098e00000, 0x0000000098d00000| Untracked 
| 398|0x0000000098e00000, 0x0000000098f00000, 0x0000000098f00000|100%| O|  |TAMS 0x0000000098f00000, 0x0000000098e00000| Untracked 
| 399|0x0000000098f00000, 0x0000000099000000, 0x0000000099000000|100%| O|  |TAMS 0x0000000099000000, 0x0000000098f00000| Untracked 
| 400|0x0000000099000000, 0x0000000099100000, 0x0000000099100000|100%| O|  |TAMS 0x0000000099100000, 0x0000000099000000| Untracked 
| 401|0x0000000099100000, 0x0000000099200000, 0x0000000099200000|100%| O|  |TAMS 0x0000000099200000, 0x0000000099100000| Untracked 
| 402|0x0000000099200000, 0x0000000099300000, 0x0000000099300000|100%| O|  |TAMS 0x0000000099300000, 0x0000000099200000| Untracked 
| 403|0x0000000099300000, 0x0000000099400000, 0x0000000099400000|100%| O|  |TAMS 0x0000000099400000, 0x0000000099300000| Updating 
| 404|0x0000000099400000, 0x0000000099500000, 0x0000000099500000|100%| O|  |TAMS 0x0000000099500000, 0x0000000099400000| Updating 
| 405|0x0000000099500000, 0x0000000099600000, 0x0000000099600000|100%| O|  |TAMS 0x0000000099600000, 0x0000000099500000| Untracked 
| 406|0x0000000099600000, 0x0000000099700000, 0x0000000099700000|100%| O|  |TAMS 0x0000000099700000, 0x0000000099600000| Untracked 
| 407|0x0000000099700000, 0x0000000099800000, 0x0000000099800000|100%| O|  |TAMS 0x0000000099800000, 0x0000000099700000| Untracked 
| 408|0x0000000099800000, 0x0000000099900000, 0x0000000099900000|100%| O|  |TAMS 0x0000000099900000, 0x0000000099800000| Untracked 
| 409|0x0000000099900000, 0x0000000099a00000, 0x0000000099a00000|100%| O|  |TAMS 0x0000000099a00000, 0x0000000099900000| Untracked 
| 410|0x0000000099a00000, 0x0000000099b00000, 0x0000000099b00000|100%| O|  |TAMS 0x0000000099b00000, 0x0000000099a00000| Updating 
| 411|0x0000000099b00000, 0x0000000099c00000, 0x0000000099c00000|100%| O|  |TAMS 0x0000000099c00000, 0x0000000099b00000| Updating 
| 412|0x0000000099c00000, 0x0000000099d00000, 0x0000000099d00000|100%| O|  |TAMS 0x0000000099d00000, 0x0000000099c00000| Updating 
| 413|0x0000000099d00000, 0x0000000099e00000, 0x0000000099e00000|100%| O|  |TAMS 0x0000000099e00000, 0x0000000099d00000| Updating 
| 414|0x0000000099e00000, 0x0000000099f00000, 0x0000000099f00000|100%| O|  |TAMS 0x0000000099f00000, 0x0000000099e00000| Updating 
| 415|0x0000000099f00000, 0x000000009a000000, 0x000000009a000000|100%| O|  |TAMS 0x000000009a000000, 0x0000000099f00000| Updating 
| 416|0x000000009a000000, 0x000000009a100000, 0x000000009a100000|100%| O|  |TAMS 0x000000009a100000, 0x000000009a000000| Updating 
| 417|0x000000009a100000, 0x000000009a200000, 0x000000009a200000|100%| O|  |TAMS 0x000000009a200000, 0x000000009a100000| Updating 
| 418|0x000000009a200000, 0x000000009a300000, 0x000000009a300000|100%|HS|  |TAMS 0x000000009a300000, 0x000000009a200000| Complete 
| 419|0x000000009a300000, 0x000000009a400000, 0x000000009a400000|100%|HC|  |TAMS 0x000000009a400000, 0x000000009a300000| Complete 
| 420|0x000000009a400000, 0x000000009a500000, 0x000000009a500000|100%| O|  |TAMS 0x000000009a500000, 0x000000009a400000| Untracked 
| 421|0x000000009a500000, 0x000000009a600000, 0x000000009a600000|100%| O|  |TAMS 0x000000009a600000, 0x000000009a500000| Untracked 
| 422|0x000000009a600000, 0x000000009a700000, 0x000000009a700000|100%| O|  |TAMS 0x000000009a700000, 0x000000009a600000| Untracked 
| 423|0x000000009a700000, 0x000000009a800000, 0x000000009a800000|100%| O|  |TAMS 0x000000009a800000, 0x000000009a700000| Untracked 
| 424|0x000000009a800000, 0x000000009a900000, 0x000000009a900000|100%| O|  |TAMS 0x000000009a900000, 0x000000009a800000| Untracked 
| 425|0x000000009a900000, 0x000000009aa00000, 0x000000009aa00000|100%| O|  |TAMS 0x000000009aa00000, 0x000000009a900000| Untracked 
| 426|0x000000009aa00000, 0x000000009ab00000, 0x000000009ab00000|100%| O|  |TAMS 0x000000009ab00000, 0x000000009aa00000| Untracked 
| 427|0x000000009ab00000, 0x000000009ac00000, 0x000000009ac00000|100%| O|  |TAMS 0x000000009ac00000, 0x000000009ab00000| Untracked 
| 428|0x000000009ac00000, 0x000000009ad00000, 0x000000009ad00000|100%| O|  |TAMS 0x000000009ad00000, 0x000000009ac00000| Untracked 
| 429|0x000000009ad00000, 0x000000009ae00000, 0x000000009ae00000|100%| O|  |TAMS 0x000000009ae00000, 0x000000009ad00000| Updating 
| 430|0x000000009ae00000, 0x000000009af00000, 0x000000009af00000|100%| O|  |TAMS 0x000000009af00000, 0x000000009ae00000| Updating 
| 431|0x000000009af00000, 0x000000009b000000, 0x000000009b000000|100%| O|  |TAMS 0x000000009b000000, 0x000000009af00000| Updating 
| 432|0x000000009b000000, 0x000000009b100000, 0x000000009b100000|100%| O|  |TAMS 0x000000009b100000, 0x000000009b000000| Untracked 
| 433|0x000000009b100000, 0x000000009b200000, 0x000000009b200000|100%| O|  |TAMS 0x000000009b200000, 0x000000009b100000| Updating 
| 434|0x000000009b200000, 0x000000009b300000, 0x000000009b300000|100%| O|  |TAMS 0x000000009b300000, 0x000000009b200000| Untracked 
| 435|0x000000009b300000, 0x000000009b400000, 0x000000009b400000|100%| O|  |TAMS 0x000000009b400000, 0x000000009b300000| Updating 
| 436|0x000000009b400000, 0x000000009b500000, 0x000000009b500000|100%| O|  |TAMS 0x000000009b500000, 0x000000009b400000| Untracked 
| 437|0x000000009b500000, 0x000000009b600000, 0x000000009b600000|100%| O|  |TAMS 0x000000009b600000, 0x000000009b500000| Updating 
| 438|0x000000009b600000, 0x000000009b700000, 0x000000009b700000|100%| O|  |TAMS 0x000000009b700000, 0x000000009b600000| Updating 
| 439|0x000000009b700000, 0x000000009b800000, 0x000000009b800000|100%| O|  |TAMS 0x000000009b800000, 0x000000009b700000| Updating 
| 440|0x000000009b800000, 0x000000009b900000, 0x000000009b900000|100%| O|  |TAMS 0x000000009b900000, 0x000000009b800000| Updating 
| 441|0x000000009b900000, 0x000000009ba00000, 0x000000009ba00000|100%| O|  |TAMS 0x000000009ba00000, 0x000000009b900000| Updating 
| 442|0x000000009ba00000, 0x000000009bb00000, 0x000000009bb00000|100%| O|  |TAMS 0x000000009bb00000, 0x000000009ba00000| Updating 
| 443|0x000000009bb00000, 0x000000009bc00000, 0x000000009bc00000|100%| O|  |TAMS 0x000000009bc00000, 0x000000009bb00000| Updating 
| 444|0x000000009bc00000, 0x000000009bd00000, 0x000000009bd00000|100%| O|  |TAMS 0x000000009bd00000, 0x000000009bc00000| Updating 
| 445|0x000000009bd00000, 0x000000009be00000, 0x000000009be00000|100%| O|  |TAMS 0x000000009be00000, 0x000000009bd00000| Updating 
| 446|0x000000009be00000, 0x000000009bf00000, 0x000000009bf00000|100%| O|  |TAMS 0x000000009bf00000, 0x000000009be00000| Updating 
| 447|0x000000009bf00000, 0x000000009c000000, 0x000000009c000000|100%|HS|  |TAMS 0x000000009c000000, 0x000000009bf00000| Complete 
| 448|0x000000009c000000, 0x000000009c100000, 0x000000009c100000|100%| O|  |TAMS 0x000000009c100000, 0x000000009c000000| Updating 
| 449|0x000000009c100000, 0x000000009c200000, 0x000000009c200000|100%| O|  |TAMS 0x000000009c200000, 0x000000009c100000| Updating 
| 450|0x000000009c200000, 0x000000009c300000, 0x000000009c300000|100%|HS|  |TAMS 0x000000009c300000, 0x000000009c200000| Complete 
| 451|0x000000009c300000, 0x000000009c400000, 0x000000009c400000|100%| O|  |TAMS 0x000000009c400000, 0x000000009c300000| Updating 
| 452|0x000000009c400000, 0x000000009c500000, 0x000000009c500000|100%| O|  |TAMS 0x000000009c500000, 0x000000009c400000| Untracked 
| 453|0x000000009c500000, 0x000000009c600000, 0x000000009c600000|100%| O|  |TAMS 0x000000009c600000, 0x000000009c500000| Untracked 
| 454|0x000000009c600000, 0x000000009c700000, 0x000000009c700000|100%| O|  |TAMS 0x000000009c700000, 0x000000009c600000| Untracked 
| 455|0x000000009c700000, 0x000000009c800000, 0x000000009c800000|100%| O|  |TAMS 0x000000009c800000, 0x000000009c700000| Updating 
| 456|0x000000009c800000, 0x000000009c900000, 0x000000009c900000|100%| O|  |TAMS 0x000000009c900000, 0x000000009c800000| Updating 
| 457|0x000000009c900000, 0x000000009ca00000, 0x000000009ca00000|100%| O|  |TAMS 0x000000009ca00000, 0x000000009c900000| Updating 
| 458|0x000000009ca00000, 0x000000009cb00000, 0x000000009cb00000|100%| O|  |TAMS 0x000000009cb00000, 0x000000009ca00000| Updating 
| 459|0x000000009cb00000, 0x000000009cc00000, 0x000000009cc00000|100%| O|  |TAMS 0x000000009cc00000, 0x000000009cb00000| Untracked 
| 460|0x000000009cc00000, 0x000000009cd00000, 0x000000009cd00000|100%| O|  |TAMS 0x000000009cd00000, 0x000000009cc00000| Untracked 
| 461|0x000000009cd00000, 0x000000009ce00000, 0x000000009ce00000|100%| O|  |TAMS 0x000000009ce00000, 0x000000009cd00000| Untracked 
| 462|0x000000009ce00000, 0x000000009cf00000, 0x000000009cf00000|100%| O|  |TAMS 0x000000009cf00000, 0x000000009ce00000| Untracked 
| 463|0x000000009cf00000, 0x000000009d000000, 0x000000009d000000|100%| O|  |TAMS 0x000000009d000000, 0x000000009cf00000| Untracked 
| 464|0x000000009d000000, 0x000000009d100000, 0x000000009d100000|100%| O|  |TAMS 0x000000009d100000, 0x000000009d000000| Untracked 
| 465|0x000000009d100000, 0x000000009d200000, 0x000000009d200000|100%| O|  |TAMS 0x000000009d200000, 0x000000009d100000| Untracked 
| 466|0x000000009d200000, 0x000000009d300000, 0x000000009d300000|100%| O|  |TAMS 0x000000009d300000, 0x000000009d200000| Untracked 
| 467|0x000000009d300000, 0x000000009d400000, 0x000000009d400000|100%| O|  |TAMS 0x000000009d400000, 0x000000009d300000| Untracked 
| 468|0x000000009d400000, 0x000000009d500000, 0x000000009d500000|100%| O|  |TAMS 0x000000009d500000, 0x000000009d400000| Untracked 
| 469|0x000000009d500000, 0x000000009d600000, 0x000000009d600000|100%| O|  |TAMS 0x000000009d600000, 0x000000009d500000| Untracked 
| 470|0x000000009d600000, 0x000000009d700000, 0x000000009d700000|100%| O|  |TAMS 0x000000009d700000, 0x000000009d600000| Untracked 
| 471|0x000000009d700000, 0x000000009d800000, 0x000000009d800000|100%| O|  |TAMS 0x000000009d800000, 0x000000009d700000| Untracked 
| 472|0x000000009d800000, 0x000000009d900000, 0x000000009d900000|100%| O|  |TAMS 0x000000009d900000, 0x000000009d800000| Untracked 
| 473|0x000000009d900000, 0x000000009da00000, 0x000000009da00000|100%| O|  |TAMS 0x000000009da00000, 0x000000009d900000| Untracked 
| 474|0x000000009da00000, 0x000000009db00000, 0x000000009db00000|100%| O|  |TAMS 0x000000009db00000, 0x000000009da00000| Untracked 
| 475|0x000000009db00000, 0x000000009dc00000, 0x000000009dc00000|100%| O|  |TAMS 0x000000009dc00000, 0x000000009db00000| Updating 
| 476|0x000000009dc00000, 0x000000009dd00000, 0x000000009dd00000|100%| O|  |TAMS 0x000000009dd00000, 0x000000009dc00000| Updating 
| 477|0x000000009dd00000, 0x000000009de00000, 0x000000009de00000|100%| O|  |TAMS 0x000000009de00000, 0x000000009dd00000| Updating 
| 478|0x000000009de00000, 0x000000009df00000, 0x000000009df00000|100%| O|  |TAMS 0x000000009df00000, 0x000000009de00000| Updating 
| 479|0x000000009df00000, 0x000000009e000000, 0x000000009e000000|100%| O|  |TAMS 0x000000009e000000, 0x000000009df00000| Updating 
| 480|0x000000009e000000, 0x000000009e100000, 0x000000009e100000|100%| O|  |TAMS 0x000000009e100000, 0x000000009e000000| Updating 
| 481|0x000000009e100000, 0x000000009e200000, 0x000000009e200000|100%| O|  |TAMS 0x000000009e200000, 0x000000009e100000| Updating 
| 482|0x000000009e200000, 0x000000009e300000, 0x000000009e300000|100%| O|  |TAMS 0x000000009e300000, 0x000000009e200000| Updating 
| 483|0x000000009e300000, 0x000000009e400000, 0x000000009e400000|100%| O|  |TAMS 0x000000009e400000, 0x000000009e300000| Updating 
| 484|0x000000009e400000, 0x000000009e500000, 0x000000009e500000|100%| O|  |TAMS 0x000000009e500000, 0x000000009e400000| Untracked 
| 485|0x000000009e500000, 0x000000009e600000, 0x000000009e600000|100%| O|  |TAMS 0x000000009e600000, 0x000000009e500000| Untracked 
| 486|0x000000009e600000, 0x000000009e700000, 0x000000009e700000|100%| O|  |TAMS 0x000000009e700000, 0x000000009e600000| Untracked 
| 487|0x000000009e700000, 0x000000009e800000, 0x000000009e800000|100%| O|  |TAMS 0x000000009e800000, 0x000000009e700000| Untracked 
| 488|0x000000009e800000, 0x000000009e900000, 0x000000009e900000|100%| O|  |TAMS 0x000000009e900000, 0x000000009e800000| Untracked 
| 489|0x000000009e900000, 0x000000009ea00000, 0x000000009ea00000|100%|HS|  |TAMS 0x000000009ea00000, 0x000000009e900000| Complete 
| 490|0x000000009ea00000, 0x000000009eb00000, 0x000000009eb00000|100%|HC|  |TAMS 0x000000009eb00000, 0x000000009ea00000| Complete 
| 491|0x000000009eb00000, 0x000000009ec00000, 0x000000009ec00000|100%|HS|  |TAMS 0x000000009ec00000, 0x000000009eb00000| Complete 
| 492|0x000000009ec00000, 0x000000009ed00000, 0x000000009ed00000|100%|HC|  |TAMS 0x000000009ed00000, 0x000000009ec00000| Complete 
| 493|0x000000009ed00000, 0x000000009ee00000, 0x000000009ee00000|100%| O|  |TAMS 0x000000009ee00000, 0x000000009ed00000| Updating 
| 494|0x000000009ee00000, 0x000000009ef00000, 0x000000009ef00000|100%| O|  |TAMS 0x000000009ef00000, 0x000000009ee00000| Untracked 
| 495|0x000000009ef00000, 0x000000009f000000, 0x000000009f000000|100%| O|  |TAMS 0x000000009f000000, 0x000000009ef00000| Untracked 
| 496|0x000000009f000000, 0x000000009f100000, 0x000000009f100000|100%| O|  |TAMS 0x000000009f100000, 0x000000009f000000| Untracked 
| 497|0x000000009f100000, 0x000000009f200000, 0x000000009f200000|100%| O|  |TAMS 0x000000009f200000, 0x000000009f100000| Updating 
| 498|0x000000009f200000, 0x000000009f300000, 0x000000009f300000|100%| O|  |TAMS 0x000000009f300000, 0x000000009f200000| Untracked 
| 499|0x000000009f300000, 0x000000009f400000, 0x000000009f400000|100%| O|  |TAMS 0x000000009f400000, 0x000000009f300000| Updating 
| 500|0x000000009f400000, 0x000000009f500000, 0x000000009f500000|100%| O|  |TAMS 0x000000009f500000, 0x000000009f400000| Updating 
| 501|0x000000009f500000, 0x000000009f600000, 0x000000009f600000|100%| O|  |TAMS 0x000000009f600000, 0x000000009f500000| Updating 
| 502|0x000000009f600000, 0x000000009f700000, 0x000000009f700000|100%| O|  |TAMS 0x000000009f700000, 0x000000009f600000| Untracked 
| 503|0x000000009f700000, 0x000000009f800000, 0x000000009f800000|100%| O|  |TAMS 0x000000009f800000, 0x000000009f700000| Untracked 
| 504|0x000000009f800000, 0x000000009f900000, 0x000000009f900000|100%| O|  |TAMS 0x000000009f900000, 0x000000009f800000| Untracked 
| 505|0x000000009f900000, 0x000000009fa00000, 0x000000009fa00000|100%| O|  |TAMS 0x000000009fa00000, 0x000000009f900000| Updating 
| 506|0x000000009fa00000, 0x000000009fb00000, 0x000000009fb00000|100%| O|  |TAMS 0x000000009fb00000, 0x000000009fa00000| Updating 
| 507|0x000000009fb00000, 0x000000009fc00000, 0x000000009fc00000|100%| O|  |TAMS 0x000000009fc00000, 0x000000009fb00000| Updating 
| 508|0x000000009fc00000, 0x000000009fd00000, 0x000000009fd00000|100%| O|  |TAMS 0x000000009fd00000, 0x000000009fc00000| Updating 
| 509|0x000000009fd00000, 0x000000009fe00000, 0x000000009fe00000|100%| O|  |TAMS 0x000000009fe00000, 0x000000009fd00000| Updating 
| 510|0x000000009fe00000, 0x000000009ff00000, 0x000000009ff00000|100%| O|  |TAMS 0x000000009ff00000, 0x000000009fe00000| Updating 
| 511|0x000000009ff00000, 0x00000000a0000000, 0x00000000a0000000|100%| O|  |TAMS 0x00000000a0000000, 0x000000009ff00000| Updating 
| 512|0x00000000a0000000, 0x00000000a0100000, 0x00000000a0100000|100%| O|  |TAMS 0x00000000a0100000, 0x00000000a0000000| Updating 
| 513|0x00000000a0100000, 0x00000000a0200000, 0x00000000a0200000|100%| O|  |TAMS 0x00000000a0200000, 0x00000000a0100000| Updating 
| 514|0x00000000a0200000, 0x00000000a0300000, 0x00000000a0300000|100%| O|  |TAMS 0x00000000a0300000, 0x00000000a0200000| Updating 
| 515|0x00000000a0300000, 0x00000000a0400000, 0x00000000a0400000|100%| O|  |TAMS 0x00000000a0400000, 0x00000000a0300000| Updating 
| 516|0x00000000a0400000, 0x00000000a0500000, 0x00000000a0500000|100%| O|  |TAMS 0x00000000a0500000, 0x00000000a0400000| Updating 
| 517|0x00000000a0500000, 0x00000000a0600000, 0x00000000a0600000|100%| O|  |TAMS 0x00000000a0500000, 0x00000000a0500000| Untracked 
| 518|0x00000000a0600000, 0x00000000a0700000, 0x00000000a0700000|100%| O|  |TAMS 0x00000000a0600000, 0x00000000a0600000| Untracked 
| 519|0x00000000a0700000, 0x00000000a0800000, 0x00000000a0800000|100%| O|  |TAMS 0x00000000a0800000, 0x00000000a0700000| Updating 
| 520|0x00000000a0800000, 0x00000000a0900000, 0x00000000a0900000|100%| O|  |TAMS 0x00000000a0900000, 0x00000000a0800000| Updating 
| 521|0x00000000a0900000, 0x00000000a0a00000, 0x00000000a0a00000|100%| O|  |TAMS 0x00000000a0a00000, 0x00000000a0900000| Updating 
| 522|0x00000000a0a00000, 0x00000000a0b00000, 0x00000000a0b00000|100%| O|  |TAMS 0x00000000a0b00000, 0x00000000a0a00000| Updating 
| 523|0x00000000a0b00000, 0x00000000a0c00000, 0x00000000a0c00000|100%| O|  |TAMS 0x00000000a0c00000, 0x00000000a0b00000| Updating 
| 524|0x00000000a0c00000, 0x00000000a0d00000, 0x00000000a0d00000|100%| O|  |TAMS 0x00000000a0d00000, 0x00000000a0c00000| Updating 
| 525|0x00000000a0d00000, 0x00000000a0e00000, 0x00000000a0e00000|100%| O|  |TAMS 0x00000000a0e00000, 0x00000000a0d00000| Updating 
| 526|0x00000000a0e00000, 0x00000000a0f00000, 0x00000000a0f00000|100%| O|  |TAMS 0x00000000a0f00000, 0x00000000a0e00000| Updating 
| 527|0x00000000a0f00000, 0x00000000a1000000, 0x00000000a1000000|100%| O|  |TAMS 0x00000000a1000000, 0x00000000a0f00000| Updating 
| 528|0x00000000a1000000, 0x00000000a1100000, 0x00000000a1100000|100%| O|  |TAMS 0x00000000a1100000, 0x00000000a1000000| Updating 
| 529|0x00000000a1100000, 0x00000000a1200000, 0x00000000a1200000|100%| O|  |TAMS 0x00000000a1200000, 0x00000000a1100000| Updating 
| 530|0x00000000a1200000, 0x00000000a1300000, 0x00000000a1300000|100%| O|  |TAMS 0x00000000a1300000, 0x00000000a1200000| Updating 
| 531|0x00000000a1300000, 0x00000000a1400000, 0x00000000a1400000|100%| O|  |TAMS 0x00000000a1400000, 0x00000000a1300000| Updating 
| 532|0x00000000a1400000, 0x00000000a14ffff8, 0x00000000a1500000| 99%| O|  |TAMS 0x00000000a14ffff8, 0x00000000a1400000| Updating 
| 533|0x00000000a1500000, 0x00000000a1600000, 0x00000000a1600000|100%| O|  |TAMS 0x00000000a1600000, 0x00000000a1500000| Updating 
| 534|0x00000000a1600000, 0x00000000a1700000, 0x00000000a1700000|100%| O|  |TAMS 0x00000000a1700000, 0x00000000a1600000| Updating 
| 535|0x00000000a1700000, 0x00000000a1800000, 0x00000000a1800000|100%| O|  |TAMS 0x00000000a1800000, 0x00000000a1700000| Updating 
| 536|0x00000000a1800000, 0x00000000a1900000, 0x00000000a1900000|100%| O|  |TAMS 0x00000000a1900000, 0x00000000a1800000| Updating 
| 537|0x00000000a1900000, 0x00000000a1a00000, 0x00000000a1a00000|100%| O|  |TAMS 0x00000000a1a00000, 0x00000000a1900000| Updating 
| 538|0x00000000a1a00000, 0x00000000a1b00000, 0x00000000a1b00000|100%| O|  |TAMS 0x00000000a1b00000, 0x00000000a1a00000| Updating 
| 539|0x00000000a1b00000, 0x00000000a1c00000, 0x00000000a1c00000|100%| O|  |TAMS 0x00000000a1c00000, 0x00000000a1b00000| Updating 
| 540|0x00000000a1c00000, 0x00000000a1d00000, 0x00000000a1d00000|100%| O|  |TAMS 0x00000000a1d00000, 0x00000000a1c00000| Updating 
| 541|0x00000000a1d00000, 0x00000000a1e00000, 0x00000000a1e00000|100%| O|  |TAMS 0x00000000a1e00000, 0x00000000a1d00000| Updating 
| 542|0x00000000a1e00000, 0x00000000a1f00000, 0x00000000a1f00000|100%| O|  |TAMS 0x00000000a1e00000, 0x00000000a1e00000| Untracked 
| 543|0x00000000a1f00000, 0x00000000a2000000, 0x00000000a2000000|100%| O|  |TAMS 0x00000000a2000000, 0x00000000a1f00000| Updating 
| 544|0x00000000a2000000, 0x00000000a2100000, 0x00000000a2100000|100%| O|  |TAMS 0x00000000a2100000, 0x00000000a2000000| Updating 
| 545|0x00000000a2100000, 0x00000000a21d9600, 0x00000000a2200000| 84%| O|  |TAMS 0x00000000a2100000, 0x00000000a2100000| Untracked 
| 546|0x00000000a2200000, 0x00000000a2300000, 0x00000000a2300000|100%| O|  |TAMS 0x00000000a2300000, 0x00000000a2200000| Updating 
| 547|0x00000000a2300000, 0x00000000a2400000, 0x00000000a2400000|100%| O|  |TAMS 0x00000000a2400000, 0x00000000a2300000| Updating 
| 548|0x00000000a2400000, 0x00000000a2500000, 0x00000000a2500000|100%| O|  |TAMS 0x00000000a2500000, 0x00000000a2400000| Updating 
| 549|0x00000000a2500000, 0x00000000a2600000, 0x00000000a2600000|100%| O|  |TAMS 0x00000000a2600000, 0x00000000a2500000| Updating 
| 550|0x00000000a2600000, 0x00000000a2700000, 0x00000000a2700000|100%| O|  |TAMS 0x00000000a2700000, 0x00000000a2600000| Updating 
| 551|0x00000000a2700000, 0x00000000a2800000, 0x00000000a2800000|100%| O|  |TAMS 0x00000000a2800000, 0x00000000a2700000| Updating 
| 552|0x00000000a2800000, 0x00000000a2900000, 0x00000000a2900000|100%| O|  |TAMS 0x00000000a2900000, 0x00000000a2800000| Updating 
| 553|0x00000000a2900000, 0x00000000a2a00000, 0x00000000a2a00000|100%| O|  |TAMS 0x00000000a2a00000, 0x00000000a2900000| Updating 
| 554|0x00000000a2a00000, 0x00000000a2b00000, 0x00000000a2b00000|100%| O|  |TAMS 0x00000000a2b00000, 0x00000000a2a00000| Updating 
| 555|0x00000000a2b00000, 0x00000000a2b00000, 0x00000000a2c00000|  0%| F|  |TAMS 0x00000000a2b00000, 0x00000000a2b00000| Untracked 
| 556|0x00000000a2c00000, 0x00000000a2c00000, 0x00000000a2d00000|  0%| F|  |TAMS 0x00000000a2c00000, 0x00000000a2c00000| Untracked 
| 557|0x00000000a2d00000, 0x00000000a2e00000, 0x00000000a2e00000|100%| O|  |TAMS 0x00000000a2e00000, 0x00000000a2d00000| Updating 
| 558|0x00000000a2e00000, 0x00000000a2f00000, 0x00000000a2f00000|100%| O|  |TAMS 0x00000000a2f00000, 0x00000000a2e00000| Updating 
| 559|0x00000000a2f00000, 0x00000000a2f00000, 0x00000000a3000000|  0%| F|  |TAMS 0x00000000a2f00000, 0x00000000a2f00000| Untracked 
| 560|0x00000000a3000000, 0x00000000a3000000, 0x00000000a3100000|  0%| F|  |TAMS 0x00000000a3000000, 0x00000000a3000000| Untracked 
| 561|0x00000000a3100000, 0x00000000a3100000, 0x00000000a3200000|  0%| F|  |TAMS 0x00000000a3100000, 0x00000000a3100000| Untracked 
| 562|0x00000000a3200000, 0x00000000a3200000, 0x00000000a3300000|  0%| F|  |TAMS 0x00000000a3200000, 0x00000000a3200000| Untracked 
| 563|0x00000000a3300000, 0x00000000a3300000, 0x00000000a3400000|  0%| F|  |TAMS 0x00000000a3300000, 0x00000000a3300000| Untracked 
| 564|0x00000000a3400000, 0x00000000a3400000, 0x00000000a3500000|  0%| F|  |TAMS 0x00000000a3400000, 0x00000000a3400000| Untracked 
| 565|0x00000000a3500000, 0x00000000a3500000, 0x00000000a3600000|  0%| F|  |TAMS 0x00000000a3500000, 0x00000000a3500000| Untracked 
| 566|0x00000000a3600000, 0x00000000a3600000, 0x00000000a3700000|  0%| F|  |TAMS 0x00000000a3600000, 0x00000000a3600000| Untracked 
| 567|0x00000000a3700000, 0x00000000a3700000, 0x00000000a3800000|  0%| F|  |TAMS 0x00000000a3700000, 0x00000000a3700000| Untracked 
| 568|0x00000000a3800000, 0x00000000a3800000, 0x00000000a3900000|  0%| F|  |TAMS 0x00000000a3800000, 0x00000000a3800000| Untracked 
| 569|0x00000000a3900000, 0x00000000a3a00000, 0x00000000a3a00000|100%| O|  |TAMS 0x00000000a3a00000, 0x00000000a3900000| Updating 
| 570|0x00000000a3a00000, 0x00000000a3b00000, 0x00000000a3b00000|100%| O|  |TAMS 0x00000000a3b00000, 0x00000000a3a00000| Updating 
| 571|0x00000000a3b00000, 0x00000000a3c00000, 0x00000000a3c00000|100%| O|  |TAMS 0x00000000a3c00000, 0x00000000a3b00000| Updating 
| 572|0x00000000a3c00000, 0x00000000a3d00000, 0x00000000a3d00000|100%| O|  |TAMS 0x00000000a3d00000, 0x00000000a3c00000| Updating 
| 573|0x00000000a3d00000, 0x00000000a3d00000, 0x00000000a3e00000|  0%| F|  |TAMS 0x00000000a3d00000, 0x00000000a3d00000| Untracked 
| 574|0x00000000a3e00000, 0x00000000a3f00000, 0x00000000a3f00000|100%| O|  |TAMS 0x00000000a3f00000, 0x00000000a3e00000| Updating 
| 575|0x00000000a3f00000, 0x00000000a4000000, 0x00000000a4000000|100%|HS|  |TAMS 0x00000000a4000000, 0x00000000a3f00000| Complete 
| 576|0x00000000a4000000, 0x00000000a4100000, 0x00000000a4100000|100%|HC|  |TAMS 0x00000000a4100000, 0x00000000a4000000| Complete 
| 577|0x00000000a4100000, 0x00000000a4200000, 0x00000000a4200000|100%|HC|  |TAMS 0x00000000a4200000, 0x00000000a4100000| Complete 
| 578|0x00000000a4200000, 0x00000000a4300000, 0x00000000a4300000|100%|HS|  |TAMS 0x00000000a4300000, 0x00000000a4200000| Complete 
| 579|0x00000000a4300000, 0x00000000a4400000, 0x00000000a4400000|100%|HC|  |TAMS 0x00000000a4400000, 0x00000000a4300000| Complete 
| 580|0x00000000a4400000, 0x00000000a4500000, 0x00000000a4500000|100%|HS|  |TAMS 0x00000000a4500000, 0x00000000a4400000| Complete 
| 581|0x00000000a4500000, 0x00000000a4600000, 0x00000000a4600000|100%|HC|  |TAMS 0x00000000a4600000, 0x00000000a4500000| Complete 
| 582|0x00000000a4600000, 0x00000000a4700000, 0x00000000a4700000|100%| O|  |TAMS 0x00000000a4700000, 0x00000000a4600000| Updating 
| 583|0x00000000a4700000, 0x00000000a4800000, 0x00000000a4800000|100%| O|  |TAMS 0x00000000a4800000, 0x00000000a4700000| Updating 
| 584|0x00000000a4800000, 0x00000000a4900000, 0x00000000a4900000|100%| O|  |TAMS 0x00000000a4900000, 0x00000000a4800000| Updating 
| 585|0x00000000a4900000, 0x00000000a4a00000, 0x00000000a4a00000|100%| O|  |TAMS 0x00000000a4a00000, 0x00000000a4900000| Updating 
| 586|0x00000000a4a00000, 0x00000000a4b00000, 0x00000000a4b00000|100%| O|  |TAMS 0x00000000a4b00000, 0x00000000a4a00000| Updating 
| 587|0x00000000a4b00000, 0x00000000a4c00000, 0x00000000a4c00000|100%| O|  |TAMS 0x00000000a4c00000, 0x00000000a4b00000| Updating 
| 588|0x00000000a4c00000, 0x00000000a4d00000, 0x00000000a4d00000|100%| O|  |TAMS 0x00000000a4d00000, 0x00000000a4c00000| Updating 
| 589|0x00000000a4d00000, 0x00000000a4e00000, 0x00000000a4e00000|100%| O|  |TAMS 0x00000000a4e00000, 0x00000000a4d00000| Updating 
| 590|0x00000000a4e00000, 0x00000000a4f00000, 0x00000000a4f00000|100%| O|  |TAMS 0x00000000a4f00000, 0x00000000a4e00000| Updating 
| 591|0x00000000a4f00000, 0x00000000a5000000, 0x00000000a5000000|100%| O|  |TAMS 0x00000000a5000000, 0x00000000a4f00000| Updating 
| 592|0x00000000a5000000, 0x00000000a5100000, 0x00000000a5100000|100%| O|  |TAMS 0x00000000a5100000, 0x00000000a5000000| Updating 
| 593|0x00000000a5100000, 0x00000000a5200000, 0x00000000a5200000|100%| O|  |TAMS 0x00000000a5200000, 0x00000000a5100000| Updating 
| 594|0x00000000a5200000, 0x00000000a5300000, 0x00000000a5300000|100%| O|  |TAMS 0x00000000a5300000, 0x00000000a5200000| Updating 
| 595|0x00000000a5300000, 0x00000000a5400000, 0x00000000a5400000|100%| O|  |TAMS 0x00000000a5400000, 0x00000000a5300000| Updating 
| 596|0x00000000a5400000, 0x00000000a5500000, 0x00000000a5500000|100%| O|  |TAMS 0x00000000a5500000, 0x00000000a5400000| Updating 
| 597|0x00000000a5500000, 0x00000000a5600000, 0x00000000a5600000|100%| O|  |TAMS 0x00000000a5600000, 0x00000000a5500000| Untracked 
| 598|0x00000000a5600000, 0x00000000a5700000, 0x00000000a5700000|100%| O|  |TAMS 0x00000000a5700000, 0x00000000a5600000| Untracked 
| 599|0x00000000a5700000, 0x00000000a5800000, 0x00000000a5800000|100%| O|  |TAMS 0x00000000a5800000, 0x00000000a5700000| Untracked 
| 600|0x00000000a5800000, 0x00000000a5900000, 0x00000000a5900000|100%| O|  |TAMS 0x00000000a5900000, 0x00000000a5800000| Untracked 
| 601|0x00000000a5900000, 0x00000000a5a00000, 0x00000000a5a00000|100%| O|  |TAMS 0x00000000a5a00000, 0x00000000a5900000| Untracked 
| 602|0x00000000a5a00000, 0x00000000a5b00000, 0x00000000a5b00000|100%| O|  |TAMS 0x00000000a5b00000, 0x00000000a5a00000| Updating 
| 603|0x00000000a5b00000, 0x00000000a5c00000, 0x00000000a5c00000|100%|HS|  |TAMS 0x00000000a5c00000, 0x00000000a5b00000| Complete 
| 604|0x00000000a5c00000, 0x00000000a5d00000, 0x00000000a5d00000|100%|HS|  |TAMS 0x00000000a5d00000, 0x00000000a5c00000| Complete 
| 605|0x00000000a5d00000, 0x00000000a5e00000, 0x00000000a5e00000|100%|HS|  |TAMS 0x00000000a5e00000, 0x00000000a5d00000| Complete 
| 606|0x00000000a5e00000, 0x00000000a5f00000, 0x00000000a5f00000|100%|HC|  |TAMS 0x00000000a5f00000, 0x00000000a5e00000| Complete 
| 607|0x00000000a5f00000, 0x00000000a6000000, 0x00000000a6000000|100%| O|  |TAMS 0x00000000a6000000, 0x00000000a5f00000| Updating 
| 608|0x00000000a6000000, 0x00000000a6100000, 0x00000000a6100000|100%| O|  |TAMS 0x00000000a6100000, 0x00000000a6000000| Updating 
| 609|0x00000000a6100000, 0x00000000a6200000, 0x00000000a6200000|100%| O|  |TAMS 0x00000000a6200000, 0x00000000a6100000| Updating 
| 610|0x00000000a6200000, 0x00000000a6300000, 0x00000000a6300000|100%| O|  |TAMS 0x00000000a6300000, 0x00000000a6200000| Updating 
| 611|0x00000000a6300000, 0x00000000a6400000, 0x00000000a6400000|100%| O|  |TAMS 0x00000000a6400000, 0x00000000a6300000| Updating 
| 612|0x00000000a6400000, 0x00000000a6500000, 0x00000000a6500000|100%| O|  |TAMS 0x00000000a6500000, 0x00000000a6400000| Updating 
| 613|0x00000000a6500000, 0x00000000a6600000, 0x00000000a6600000|100%| O|  |TAMS 0x00000000a6600000, 0x00000000a6500000| Updating 
| 614|0x00000000a6600000, 0x00000000a6700000, 0x00000000a6700000|100%| O|  |TAMS 0x00000000a6700000, 0x00000000a6600000| Updating 
| 615|0x00000000a6700000, 0x00000000a6800000, 0x00000000a6800000|100%|HS|  |TAMS 0x00000000a6800000, 0x00000000a6700000| Complete 
| 616|0x00000000a6800000, 0x00000000a6900000, 0x00000000a6900000|100%|HC|  |TAMS 0x00000000a6900000, 0x00000000a6800000| Complete 
| 617|0x00000000a6900000, 0x00000000a6a00000, 0x00000000a6a00000|100%|HS|  |TAMS 0x00000000a6a00000, 0x00000000a6900000| Complete 
| 618|0x00000000a6a00000, 0x00000000a6b00000, 0x00000000a6b00000|100%| O|  |TAMS 0x00000000a6b00000, 0x00000000a6a00000| Updating 
| 619|0x00000000a6b00000, 0x00000000a6c00000, 0x00000000a6c00000|100%| O|  |TAMS 0x00000000a6c00000, 0x00000000a6b00000| Untracked 
| 620|0x00000000a6c00000, 0x00000000a6d00000, 0x00000000a6d00000|100%| O|  |TAMS 0x00000000a6d00000, 0x00000000a6c00000| Updating 
| 621|0x00000000a6d00000, 0x00000000a6e00000, 0x00000000a6e00000|100%| O|  |TAMS 0x00000000a6e00000, 0x00000000a6d00000| Updating 
| 622|0x00000000a6e00000, 0x00000000a6f00000, 0x00000000a6f00000|100%|HS|  |TAMS 0x00000000a6f00000, 0x00000000a6e00000| Complete 
| 623|0x00000000a6f00000, 0x00000000a7000000, 0x00000000a7000000|100%|HC|  |TAMS 0x00000000a7000000, 0x00000000a6f00000| Complete 
| 624|0x00000000a7000000, 0x00000000a7100000, 0x00000000a7100000|100%|HC|  |TAMS 0x00000000a7100000, 0x00000000a7000000| Complete 
| 625|0x00000000a7100000, 0x00000000a7200000, 0x00000000a7200000|100%| O|  |TAMS 0x00000000a7200000, 0x00000000a7100000| Untracked 
| 626|0x00000000a7200000, 0x00000000a7300000, 0x00000000a7300000|100%| O|  |TAMS 0x00000000a7300000, 0x00000000a7200000| Untracked 
| 627|0x00000000a7300000, 0x00000000a7400000, 0x00000000a7400000|100%| O|  |TAMS 0x00000000a7400000, 0x00000000a7300000| Untracked 
| 628|0x00000000a7400000, 0x00000000a7500000, 0x00000000a7500000|100%| O|  |TAMS 0x00000000a7500000, 0x00000000a7400000| Updating 
| 629|0x00000000a7500000, 0x00000000a7600000, 0x00000000a7600000|100%| O|  |TAMS 0x00000000a7600000, 0x00000000a7500000| Updating 
| 630|0x00000000a7600000, 0x00000000a7700000, 0x00000000a7700000|100%|HS|  |TAMS 0x00000000a7700000, 0x00000000a7600000| Complete 
| 631|0x00000000a7700000, 0x00000000a7800000, 0x00000000a7800000|100%|HC|  |TAMS 0x00000000a7800000, 0x00000000a7700000| Complete 
| 632|0x00000000a7800000, 0x00000000a7900000, 0x00000000a7900000|100%|HC|  |TAMS 0x00000000a7900000, 0x00000000a7800000| Complete 
| 633|0x00000000a7900000, 0x00000000a7a00000, 0x00000000a7a00000|100%|HS|  |TAMS 0x00000000a7a00000, 0x00000000a7900000| Complete 
| 634|0x00000000a7a00000, 0x00000000a7b00000, 0x00000000a7b00000|100%|HS|  |TAMS 0x00000000a7b00000, 0x00000000a7a00000| Complete 
| 635|0x00000000a7b00000, 0x00000000a7c00000, 0x00000000a7c00000|100%| O|  |TAMS 0x00000000a7c00000, 0x00000000a7b00000| Updating 
| 636|0x00000000a7c00000, 0x00000000a7d00000, 0x00000000a7d00000|100%| O|  |TAMS 0x00000000a7d00000, 0x00000000a7c00000| Untracked 
| 637|0x00000000a7d00000, 0x00000000a7e00000, 0x00000000a7e00000|100%| O|  |TAMS 0x00000000a7e00000, 0x00000000a7d00000| Untracked 
| 638|0x00000000a7e00000, 0x00000000a7f00000, 0x00000000a7f00000|100%| O|  |TAMS 0x00000000a7f00000, 0x00000000a7e00000| Untracked 
| 639|0x00000000a7f00000, 0x00000000a8000000, 0x00000000a8000000|100%|HS|  |TAMS 0x00000000a8000000, 0x00000000a7f00000| Complete 
| 640|0x00000000a8000000, 0x00000000a8100000, 0x00000000a8100000|100%|HC|  |TAMS 0x00000000a8100000, 0x00000000a8000000| Complete 
| 641|0x00000000a8100000, 0x00000000a8200000, 0x00000000a8200000|100%|HC|  |TAMS 0x00000000a8200000, 0x00000000a8100000| Complete 
| 642|0x00000000a8200000, 0x00000000a8300000, 0x00000000a8300000|100%|HS|  |TAMS 0x00000000a8300000, 0x00000000a8200000| Complete 
| 643|0x00000000a8300000, 0x00000000a8400000, 0x00000000a8400000|100%|HC|  |TAMS 0x00000000a8400000, 0x00000000a8300000| Complete 
| 644|0x00000000a8400000, 0x00000000a8500000, 0x00000000a8500000|100%|HC|  |TAMS 0x00000000a8500000, 0x00000000a8400000| Complete 
| 645|0x00000000a8500000, 0x00000000a8600000, 0x00000000a8600000|100%|HS|  |TAMS 0x00000000a8600000, 0x00000000a8500000| Complete 
| 646|0x00000000a8600000, 0x00000000a8700000, 0x00000000a8700000|100%|HC|  |TAMS 0x00000000a8700000, 0x00000000a8600000| Complete 
| 647|0x00000000a8700000, 0x00000000a8800000, 0x00000000a8800000|100%| O|  |TAMS 0x00000000a8800000, 0x00000000a8700000| Untracked 
| 648|0x00000000a8800000, 0x00000000a8900000, 0x00000000a8900000|100%| O|  |TAMS 0x00000000a8900000, 0x00000000a8800000| Untracked 
| 649|0x00000000a8900000, 0x00000000a8a00000, 0x00000000a8a00000|100%| O|  |TAMS 0x00000000a8a00000, 0x00000000a8900000| Updating 
| 650|0x00000000a8a00000, 0x00000000a8b00000, 0x00000000a8b00000|100%|HS|  |TAMS 0x00000000a8b00000, 0x00000000a8a00000| Complete 
| 651|0x00000000a8b00000, 0x00000000a8c00000, 0x00000000a8c00000|100%|HC|  |TAMS 0x00000000a8c00000, 0x00000000a8b00000| Complete 
| 652|0x00000000a8c00000, 0x00000000a8d00000, 0x00000000a8d00000|100%| O|  |TAMS 0x00000000a8d00000, 0x00000000a8c00000| Untracked 
| 653|0x00000000a8d00000, 0x00000000a8e00000, 0x00000000a8e00000|100%|HS|  |TAMS 0x00000000a8e00000, 0x00000000a8d00000| Complete 
| 654|0x00000000a8e00000, 0x00000000a8f00000, 0x00000000a8f00000|100%| O|  |TAMS 0x00000000a8f00000, 0x00000000a8e00000| Untracked 
| 655|0x00000000a8f00000, 0x00000000a9000000, 0x00000000a9000000|100%|HS|  |TAMS 0x00000000a9000000, 0x00000000a8f00000| Complete 
| 656|0x00000000a9000000, 0x00000000a9100000, 0x00000000a9100000|100%| O|  |TAMS 0x00000000a9100000, 0x00000000a9000000| Untracked 
| 657|0x00000000a9100000, 0x00000000a9200000, 0x00000000a9200000|100%| O|  |TAMS 0x00000000a9200000, 0x00000000a9100000| Untracked 
| 658|0x00000000a9200000, 0x00000000a9300000, 0x00000000a9300000|100%| O|  |TAMS 0x00000000a9300000, 0x00000000a9200000| Untracked 
| 659|0x00000000a9300000, 0x00000000a9400000, 0x00000000a9400000|100%|HS|  |TAMS 0x00000000a9400000, 0x00000000a9300000| Complete 
| 660|0x00000000a9400000, 0x00000000a9500000, 0x00000000a9500000|100%|HC|  |TAMS 0x00000000a9500000, 0x00000000a9400000| Complete 
| 661|0x00000000a9500000, 0x00000000a9600000, 0x00000000a9600000|100%|HS|  |TAMS 0x00000000a9600000, 0x00000000a9500000| Complete 
| 662|0x00000000a9600000, 0x00000000a9700000, 0x00000000a9700000|100%|HC|  |TAMS 0x00000000a9700000, 0x00000000a9600000| Complete 
| 663|0x00000000a9700000, 0x00000000a9800000, 0x00000000a9800000|100%|HC|  |TAMS 0x00000000a9800000, 0x00000000a9700000| Complete 
| 664|0x00000000a9800000, 0x00000000a9900000, 0x00000000a9900000|100%|HS|  |TAMS 0x00000000a9900000, 0x00000000a9800000| Complete 
| 665|0x00000000a9900000, 0x00000000a9a00000, 0x00000000a9a00000|100%|HC|  |TAMS 0x00000000a9a00000, 0x00000000a9900000| Complete 
| 666|0x00000000a9a00000, 0x00000000a9b00000, 0x00000000a9b00000|100%| O|  |TAMS 0x00000000a9b00000, 0x00000000a9a00000| Untracked 
| 667|0x00000000a9b00000, 0x00000000a9c00000, 0x00000000a9c00000|100%|HS|  |TAMS 0x00000000a9c00000, 0x00000000a9b00000| Complete 
| 668|0x00000000a9c00000, 0x00000000a9d00000, 0x00000000a9d00000|100%| O|  |TAMS 0x00000000a9d00000, 0x00000000a9c00000| Updating 
| 669|0x00000000a9d00000, 0x00000000a9e00000, 0x00000000a9e00000|100%| O|  |TAMS 0x00000000a9e00000, 0x00000000a9d00000| Untracked 
| 670|0x00000000a9e00000, 0x00000000a9f00000, 0x00000000a9f00000|100%| O|  |TAMS 0x00000000a9f00000, 0x00000000a9e00000| Untracked 
| 671|0x00000000a9f00000, 0x00000000aa000000, 0x00000000aa000000|100%| O|  |TAMS 0x00000000aa000000, 0x00000000a9f00000| Untracked 
| 672|0x00000000aa000000, 0x00000000aa100000, 0x00000000aa100000|100%| O|  |TAMS 0x00000000aa100000, 0x00000000aa000000| Untracked 
| 673|0x00000000aa100000, 0x00000000aa200000, 0x00000000aa200000|100%| O|  |TAMS 0x00000000aa200000, 0x00000000aa100000| Updating 
| 674|0x00000000aa200000, 0x00000000aa300000, 0x00000000aa300000|100%| O|  |TAMS 0x00000000aa300000, 0x00000000aa200000| Updating 
| 675|0x00000000aa300000, 0x00000000aa400000, 0x00000000aa400000|100%| O|  |TAMS 0x00000000aa400000, 0x00000000aa300000| Updating 
| 676|0x00000000aa400000, 0x00000000aa500000, 0x00000000aa500000|100%| O|  |TAMS 0x00000000aa500000, 0x00000000aa400000| Updating 
| 677|0x00000000aa500000, 0x00000000aa600000, 0x00000000aa600000|100%| O|  |TAMS 0x00000000aa600000, 0x00000000aa500000| Untracked 
| 678|0x00000000aa600000, 0x00000000aa700000, 0x00000000aa700000|100%| O|  |TAMS 0x00000000aa700000, 0x00000000aa600000| Updating 
| 679|0x00000000aa700000, 0x00000000aa800000, 0x00000000aa800000|100%| O|  |TAMS 0x00000000aa800000, 0x00000000aa700000| Untracked 
| 680|0x00000000aa800000, 0x00000000aa900000, 0x00000000aa900000|100%| O|  |TAMS 0x00000000aa900000, 0x00000000aa800000| Updating 
| 681|0x00000000aa900000, 0x00000000aaa00000, 0x00000000aaa00000|100%| O|  |TAMS 0x00000000aaa00000, 0x00000000aa900000| Untracked 
| 682|0x00000000aaa00000, 0x00000000aab00000, 0x00000000aab00000|100%| O|  |TAMS 0x00000000aab00000, 0x00000000aaa00000| Untracked 
| 683|0x00000000aab00000, 0x00000000aac00000, 0x00000000aac00000|100%| O|  |TAMS 0x00000000aac00000, 0x00000000aab00000| Untracked 
| 684|0x00000000aac00000, 0x00000000aad00000, 0x00000000aad00000|100%| O|  |TAMS 0x00000000aad00000, 0x00000000aac00000| Untracked 
| 685|0x00000000aad00000, 0x00000000aae00000, 0x00000000aae00000|100%| O|  |TAMS 0x00000000aae00000, 0x00000000aad00000| Updating 
| 686|0x00000000aae00000, 0x00000000aaf00000, 0x00000000aaf00000|100%| O|  |TAMS 0x00000000aaf00000, 0x00000000aae00000| Updating 
| 687|0x00000000aaf00000, 0x00000000ab000000, 0x00000000ab000000|100%| O|  |TAMS 0x00000000ab000000, 0x00000000aaf00000| Updating 
| 688|0x00000000ab000000, 0x00000000ab100000, 0x00000000ab100000|100%| O|  |TAMS 0x00000000ab100000, 0x00000000ab000000| Updating 
| 689|0x00000000ab100000, 0x00000000ab200000, 0x00000000ab200000|100%| O|  |TAMS 0x00000000ab200000, 0x00000000ab100000| Updating 
| 690|0x00000000ab200000, 0x00000000ab300000, 0x00000000ab300000|100%| O|  |TAMS 0x00000000ab300000, 0x00000000ab200000| Updating 
| 691|0x00000000ab300000, 0x00000000ab400000, 0x00000000ab400000|100%| O|  |TAMS 0x00000000ab400000, 0x00000000ab300000| Untracked 
| 692|0x00000000ab400000, 0x00000000ab500000, 0x00000000ab500000|100%| O|  |TAMS 0x00000000ab500000, 0x00000000ab400000| Updating 
| 693|0x00000000ab500000, 0x00000000ab600000, 0x00000000ab600000|100%| O|  |TAMS 0x00000000ab600000, 0x00000000ab500000| Updating 
| 694|0x00000000ab600000, 0x00000000ab700000, 0x00000000ab700000|100%| O|  |TAMS 0x00000000ab700000, 0x00000000ab600000| Untracked 
| 695|0x00000000ab700000, 0x00000000ab800000, 0x00000000ab800000|100%| O|  |TAMS 0x00000000ab800000, 0x00000000ab700000| Untracked 
| 696|0x00000000ab800000, 0x00000000ab900000, 0x00000000ab900000|100%| O|  |TAMS 0x00000000ab900000, 0x00000000ab800000| Untracked 
| 697|0x00000000ab900000, 0x00000000aba00000, 0x00000000aba00000|100%| O|  |TAMS 0x00000000aba00000, 0x00000000ab900000| Updating 
| 698|0x00000000aba00000, 0x00000000abb00000, 0x00000000abb00000|100%| O|  |TAMS 0x00000000abb00000, 0x00000000aba00000| Updating 
| 699|0x00000000abb00000, 0x00000000abc00000, 0x00000000abc00000|100%| O|  |TAMS 0x00000000abc00000, 0x00000000abb00000| Untracked 
| 700|0x00000000abc00000, 0x00000000abd00000, 0x00000000abd00000|100%| O|  |TAMS 0x00000000abd00000, 0x00000000abc00000| Untracked 
| 701|0x00000000abd00000, 0x00000000abe00000, 0x00000000abe00000|100%| O|  |TAMS 0x00000000abe00000, 0x00000000abd00000| Untracked 
| 702|0x00000000abe00000, 0x00000000abf00000, 0x00000000abf00000|100%| O|  |TAMS 0x00000000abf00000, 0x00000000abe00000| Untracked 
| 703|0x00000000abf00000, 0x00000000ac000000, 0x00000000ac000000|100%| O|  |TAMS 0x00000000ac000000, 0x00000000abf00000| Untracked 
| 704|0x00000000ac000000, 0x00000000ac100000, 0x00000000ac100000|100%| O|  |TAMS 0x00000000ac100000, 0x00000000ac000000| Untracked 
| 705|0x00000000ac100000, 0x00000000ac200000, 0x00000000ac200000|100%| O|  |TAMS 0x00000000ac200000, 0x00000000ac100000| Updating 
| 706|0x00000000ac200000, 0x00000000ac300000, 0x00000000ac300000|100%| O|  |TAMS 0x00000000ac21f400, 0x00000000ac200000| Untracked 
| 707|0x00000000ac300000, 0x00000000ac400000, 0x00000000ac400000|100%| O|  |TAMS 0x00000000ac300000, 0x00000000ac300000| Untracked 
| 708|0x00000000ac400000, 0x00000000ac500000, 0x00000000ac500000|100%| O|  |TAMS 0x00000000ac400000, 0x00000000ac400000| Untracked 
| 709|0x00000000ac500000, 0x00000000ac600000, 0x00000000ac600000|100%| O|  |TAMS 0x00000000ac500000, 0x00000000ac500000| Untracked 
| 710|0x00000000ac600000, 0x00000000ac700000, 0x00000000ac700000|100%| O|  |TAMS 0x00000000ac600000, 0x00000000ac600000| Untracked 
| 711|0x00000000ac700000, 0x00000000ac800000, 0x00000000ac800000|100%| O|  |TAMS 0x00000000ac700000, 0x00000000ac700000| Untracked 
| 712|0x00000000ac800000, 0x00000000ac900000, 0x00000000ac900000|100%| O|  |TAMS 0x00000000ac800000, 0x00000000ac800000| Untracked 
| 713|0x00000000ac900000, 0x00000000aca00000, 0x00000000aca00000|100%| O|  |TAMS 0x00000000ac900000, 0x00000000ac900000| Untracked 
| 714|0x00000000aca00000, 0x00000000acb00000, 0x00000000acb00000|100%| O|  |TAMS 0x00000000aca00000, 0x00000000aca00000| Untracked 
| 715|0x00000000acb00000, 0x00000000acc00000, 0x00000000acc00000|100%|HS|  |TAMS 0x00000000acb00000, 0x00000000acb00000| Complete 
| 716|0x00000000acc00000, 0x00000000acd00000, 0x00000000acd00000|100%|HC|  |TAMS 0x00000000acc00000, 0x00000000acc00000| Complete 
| 717|0x00000000acd00000, 0x00000000ace00000, 0x00000000ace00000|100%|HS|  |TAMS 0x00000000acd00000, 0x00000000acd00000| Complete 
| 718|0x00000000ace00000, 0x00000000acf00000, 0x00000000acf00000|100%|HC|  |TAMS 0x00000000ace00000, 0x00000000ace00000| Complete 
| 719|0x00000000acf00000, 0x00000000ad000000, 0x00000000ad000000|100%| O|  |TAMS 0x00000000acf00000, 0x00000000acf00000| Untracked 
| 720|0x00000000ad000000, 0x00000000ad100000, 0x00000000ad100000|100%| O|  |TAMS 0x00000000ad000000, 0x00000000ad000000| Untracked 
| 721|0x00000000ad100000, 0x00000000ad200000, 0x00000000ad200000|100%| O|  |TAMS 0x00000000ad100000, 0x00000000ad100000| Untracked 
| 722|0x00000000ad200000, 0x00000000ad300000, 0x00000000ad300000|100%| O|  |TAMS 0x00000000ad200000, 0x00000000ad200000| Untracked 
| 723|0x00000000ad300000, 0x00000000ad400000, 0x00000000ad400000|100%| O|  |TAMS 0x00000000ad300000, 0x00000000ad300000| Untracked 
| 724|0x00000000ad400000, 0x00000000ad500000, 0x00000000ad500000|100%|HS|  |TAMS 0x00000000ad400000, 0x00000000ad400000| Complete 
| 725|0x00000000ad500000, 0x00000000ad600000, 0x00000000ad600000|100%| O|  |TAMS 0x00000000ad500000, 0x00000000ad500000| Untracked 
| 726|0x00000000ad600000, 0x00000000ad700000, 0x00000000ad700000|100%| O|  |TAMS 0x00000000ad600000, 0x00000000ad600000| Untracked 
| 727|0x00000000ad700000, 0x00000000ad800000, 0x00000000ad800000|100%| O|  |TAMS 0x00000000ad700000, 0x00000000ad700000| Untracked 
| 728|0x00000000ad800000, 0x00000000ad900000, 0x00000000ad900000|100%| O|  |TAMS 0x00000000ad800000, 0x00000000ad800000| Untracked 
| 729|0x00000000ad900000, 0x00000000ada00000, 0x00000000ada00000|100%| O|  |TAMS 0x00000000ad900000, 0x00000000ad900000| Untracked 
| 730|0x00000000ada00000, 0x00000000adb00000, 0x00000000adb00000|100%| O|  |TAMS 0x00000000ada00000, 0x00000000ada00000| Untracked 
| 731|0x00000000adb00000, 0x00000000adc00000, 0x00000000adc00000|100%| O|  |TAMS 0x00000000adb00000, 0x00000000adb00000| Untracked 
| 732|0x00000000adc00000, 0x00000000add00000, 0x00000000add00000|100%| O|  |TAMS 0x00000000adc00000, 0x00000000adc00000| Untracked 
| 733|0x00000000add00000, 0x00000000ade00000, 0x00000000ade00000|100%| O|  |TAMS 0x00000000add00000, 0x00000000add00000| Untracked 
| 734|0x00000000ade00000, 0x00000000adf00000, 0x00000000adf00000|100%| O|  |TAMS 0x00000000ade00000, 0x00000000ade00000| Untracked 
| 735|0x00000000adf00000, 0x00000000ae000000, 0x00000000ae000000|100%| O|  |TAMS 0x00000000adf00000, 0x00000000adf00000| Updating 
| 736|0x00000000ae000000, 0x00000000ae000000, 0x00000000ae100000|  0%| F|  |TAMS 0x00000000ae000000, 0x00000000ae000000| Untracked 
| 737|0x00000000ae100000, 0x00000000ae100000, 0x00000000ae200000|  0%| F|  |TAMS 0x00000000ae100000, 0x00000000ae100000| Untracked 
| 738|0x00000000ae200000, 0x00000000ae200000, 0x00000000ae300000|  0%| F|  |TAMS 0x00000000ae200000, 0x00000000ae200000| Untracked 
| 739|0x00000000ae300000, 0x00000000ae300000, 0x00000000ae400000|  0%| F|  |TAMS 0x00000000ae300000, 0x00000000ae300000| Untracked 
| 740|0x00000000ae400000, 0x00000000ae400000, 0x00000000ae500000|  0%| F|  |TAMS 0x00000000ae400000, 0x00000000ae400000| Untracked 
| 741|0x00000000ae500000, 0x00000000ae500000, 0x00000000ae600000|  0%| F|  |TAMS 0x00000000ae500000, 0x00000000ae500000| Untracked 
| 742|0x00000000ae600000, 0x00000000ae600000, 0x00000000ae700000|  0%| F|  |TAMS 0x00000000ae600000, 0x00000000ae600000| Untracked 
| 743|0x00000000ae700000, 0x00000000ae700000, 0x00000000ae800000|  0%| F|  |TAMS 0x00000000ae700000, 0x00000000ae700000| Untracked 
| 744|0x00000000ae800000, 0x00000000ae800000, 0x00000000ae900000|  0%| F|  |TAMS 0x00000000ae800000, 0x00000000ae800000| Untracked 
| 745|0x00000000ae900000, 0x00000000ae900000, 0x00000000aea00000|  0%| F|  |TAMS 0x00000000ae900000, 0x00000000ae900000| Untracked 
| 746|0x00000000aea00000, 0x00000000aea00000, 0x00000000aeb00000|  0%| F|  |TAMS 0x00000000aea00000, 0x00000000aea00000| Untracked 
| 747|0x00000000aeb00000, 0x00000000aeb00000, 0x00000000aec00000|  0%| F|  |TAMS 0x00000000aeb00000, 0x00000000aeb00000| Untracked 
| 748|0x00000000aec00000, 0x00000000aec00000, 0x00000000aed00000|  0%| F|  |TAMS 0x00000000aec00000, 0x00000000aec00000| Untracked 
| 749|0x00000000aed00000, 0x00000000aed00000, 0x00000000aee00000|  0%| F|  |TAMS 0x00000000aed00000, 0x00000000aed00000| Untracked 
| 750|0x00000000aee00000, 0x00000000aee00000, 0x00000000aef00000|  0%| F|  |TAMS 0x00000000aee00000, 0x00000000aee00000| Untracked 
| 751|0x00000000aef00000, 0x00000000aef00000, 0x00000000af000000|  0%| F|  |TAMS 0x00000000aef00000, 0x00000000aef00000| Untracked 
| 752|0x00000000af000000, 0x00000000af000000, 0x00000000af100000|  0%| F|  |TAMS 0x00000000af000000, 0x00000000af000000| Untracked 
| 753|0x00000000af100000, 0x00000000af100000, 0x00000000af200000|  0%| F|  |TAMS 0x00000000af100000, 0x00000000af100000| Untracked 
| 754|0x00000000af200000, 0x00000000af200000, 0x00000000af300000|  0%| F|  |TAMS 0x00000000af200000, 0x00000000af200000| Untracked 
| 755|0x00000000af300000, 0x00000000af300000, 0x00000000af400000|  0%| F|  |TAMS 0x00000000af300000, 0x00000000af300000| Untracked 
| 756|0x00000000af400000, 0x00000000af400000, 0x00000000af500000|  0%| F|  |TAMS 0x00000000af400000, 0x00000000af400000| Untracked 
| 757|0x00000000af500000, 0x00000000af500000, 0x00000000af600000|  0%| F|  |TAMS 0x00000000af500000, 0x00000000af500000| Untracked 
| 758|0x00000000af600000, 0x00000000af600000, 0x00000000af700000|  0%| F|  |TAMS 0x00000000af600000, 0x00000000af600000| Untracked 
| 759|0x00000000af700000, 0x00000000af700000, 0x00000000af800000|  0%| F|  |TAMS 0x00000000af700000, 0x00000000af700000| Untracked 
| 760|0x00000000af800000, 0x00000000af800000, 0x00000000af900000|  0%| F|  |TAMS 0x00000000af800000, 0x00000000af800000| Untracked 
| 761|0x00000000af900000, 0x00000000af900000, 0x00000000afa00000|  0%| F|  |TAMS 0x00000000af900000, 0x00000000af900000| Untracked 
| 762|0x00000000afa00000, 0x00000000afa00000, 0x00000000afb00000|  0%| F|  |TAMS 0x00000000afa00000, 0x00000000afa00000| Untracked 
| 763|0x00000000afb00000, 0x00000000afb00000, 0x00000000afc00000|  0%| F|  |TAMS 0x00000000afb00000, 0x00000000afb00000| Untracked 
| 764|0x00000000afc00000, 0x00000000afc00000, 0x00000000afd00000|  0%| F|  |TAMS 0x00000000afc00000, 0x00000000afc00000| Untracked 
| 765|0x00000000afd00000, 0x00000000afd00000, 0x00000000afe00000|  0%| F|  |TAMS 0x00000000afd00000, 0x00000000afd00000| Untracked 
| 766|0x00000000afe00000, 0x00000000afe00000, 0x00000000aff00000|  0%| F|  |TAMS 0x00000000afe00000, 0x00000000afe00000| Untracked 
| 767|0x00000000aff00000, 0x00000000aff00000, 0x00000000b0000000|  0%| F|  |TAMS 0x00000000aff00000, 0x00000000aff00000| Untracked 
| 768|0x00000000b0000000, 0x00000000b0000000, 0x00000000b0100000|  0%| F|  |TAMS 0x00000000b0000000, 0x00000000b0000000| Untracked 
| 769|0x00000000b0100000, 0x00000000b0100000, 0x00000000b0200000|  0%| F|  |TAMS 0x00000000b0100000, 0x00000000b0100000| Untracked 
| 770|0x00000000b0200000, 0x00000000b0200000, 0x00000000b0300000|  0%| F|  |TAMS 0x00000000b0200000, 0x00000000b0200000| Untracked 
| 771|0x00000000b0300000, 0x00000000b0300000, 0x00000000b0400000|  0%| F|  |TAMS 0x00000000b0300000, 0x00000000b0300000| Untracked 
| 772|0x00000000b0400000, 0x00000000b0400000, 0x00000000b0500000|  0%| F|  |TAMS 0x00000000b0400000, 0x00000000b0400000| Untracked 
| 773|0x00000000b0500000, 0x00000000b0500000, 0x00000000b0600000|  0%| F|  |TAMS 0x00000000b0500000, 0x00000000b0500000| Untracked 
| 774|0x00000000b0600000, 0x00000000b0600000, 0x00000000b0700000|  0%| F|  |TAMS 0x00000000b0600000, 0x00000000b0600000| Untracked 
| 775|0x00000000b0700000, 0x00000000b0700000, 0x00000000b0800000|  0%| F|  |TAMS 0x00000000b0700000, 0x00000000b0700000| Untracked 
| 776|0x00000000b0800000, 0x00000000b0800000, 0x00000000b0900000|  0%| F|  |TAMS 0x00000000b0800000, 0x00000000b0800000| Untracked 
| 777|0x00000000b0900000, 0x00000000b0900000, 0x00000000b0a00000|  0%| F|  |TAMS 0x00000000b0900000, 0x00000000b0900000| Untracked 
| 778|0x00000000b0a00000, 0x00000000b0a00000, 0x00000000b0b00000|  0%| F|  |TAMS 0x00000000b0a00000, 0x00000000b0a00000| Untracked 
| 779|0x00000000b0b00000, 0x00000000b0b00000, 0x00000000b0c00000|  0%| F|  |TAMS 0x00000000b0b00000, 0x00000000b0b00000| Untracked 
| 780|0x00000000b0c00000, 0x00000000b0c00000, 0x00000000b0d00000|  0%| F|  |TAMS 0x00000000b0c00000, 0x00000000b0c00000| Untracked 
| 781|0x00000000b0d00000, 0x00000000b0d00000, 0x00000000b0e00000|  0%| F|  |TAMS 0x00000000b0d00000, 0x00000000b0d00000| Untracked 
| 782|0x00000000b0e00000, 0x00000000b0e00000, 0x00000000b0f00000|  0%| F|  |TAMS 0x00000000b0e00000, 0x00000000b0e00000| Untracked 
| 783|0x00000000b0f00000, 0x00000000b0f00000, 0x00000000b1000000|  0%| F|  |TAMS 0x00000000b0f00000, 0x00000000b0f00000| Untracked 
| 784|0x00000000b1000000, 0x00000000b1000000, 0x00000000b1100000|  0%| F|  |TAMS 0x00000000b1000000, 0x00000000b1000000| Untracked 
| 785|0x00000000b1100000, 0x00000000b1100000, 0x00000000b1200000|  0%| F|  |TAMS 0x00000000b1100000, 0x00000000b1100000| Untracked 
| 786|0x00000000b1200000, 0x00000000b1200000, 0x00000000b1300000|  0%| F|  |TAMS 0x00000000b1200000, 0x00000000b1200000| Untracked 
| 787|0x00000000b1300000, 0x00000000b1300000, 0x00000000b1400000|  0%| F|  |TAMS 0x00000000b1300000, 0x00000000b1300000| Untracked 
| 788|0x00000000b1400000, 0x00000000b1400000, 0x00000000b1500000|  0%| F|  |TAMS 0x00000000b1400000, 0x00000000b1400000| Untracked 
| 789|0x00000000b1500000, 0x00000000b1500000, 0x00000000b1600000|  0%| F|  |TAMS 0x00000000b1500000, 0x00000000b1500000| Untracked 
| 790|0x00000000b1600000, 0x00000000b1600000, 0x00000000b1700000|  0%| F|  |TAMS 0x00000000b1600000, 0x00000000b1600000| Untracked 
| 791|0x00000000b1700000, 0x00000000b1700000, 0x00000000b1800000|  0%| F|  |TAMS 0x00000000b1700000, 0x00000000b1700000| Untracked 
| 792|0x00000000b1800000, 0x00000000b1800000, 0x00000000b1900000|  0%| F|  |TAMS 0x00000000b1800000, 0x00000000b1800000| Untracked 
| 793|0x00000000b1900000, 0x00000000b1900000, 0x00000000b1a00000|  0%| F|  |TAMS 0x00000000b1900000, 0x00000000b1900000| Untracked 
| 794|0x00000000b1a00000, 0x00000000b1a00000, 0x00000000b1b00000|  0%| F|  |TAMS 0x00000000b1a00000, 0x00000000b1a00000| Untracked 
| 795|0x00000000b1b00000, 0x00000000b1b00000, 0x00000000b1c00000|  0%| F|  |TAMS 0x00000000b1b00000, 0x00000000b1b00000| Untracked 
| 796|0x00000000b1c00000, 0x00000000b1c00000, 0x00000000b1d00000|  0%| F|  |TAMS 0x00000000b1c00000, 0x00000000b1c00000| Untracked 
| 797|0x00000000b1d00000, 0x00000000b1d00000, 0x00000000b1e00000|  0%| F|  |TAMS 0x00000000b1d00000, 0x00000000b1d00000| Untracked 
| 798|0x00000000b1e00000, 0x00000000b1e00000, 0x00000000b1f00000|  0%| F|  |TAMS 0x00000000b1e00000, 0x00000000b1e00000| Untracked 
| 799|0x00000000b1f00000, 0x00000000b1f00000, 0x00000000b2000000|  0%| F|  |TAMS 0x00000000b1f00000, 0x00000000b1f00000| Untracked 
| 800|0x00000000b2000000, 0x00000000b2000000, 0x00000000b2100000|  0%| F|  |TAMS 0x00000000b2000000, 0x00000000b2000000| Untracked 
| 801|0x00000000b2100000, 0x00000000b2100000, 0x00000000b2200000|  0%| F|  |TAMS 0x00000000b2100000, 0x00000000b2100000| Untracked 
| 802|0x00000000b2200000, 0x00000000b2200000, 0x00000000b2300000|  0%| F|  |TAMS 0x00000000b2200000, 0x00000000b2200000| Untracked 
| 803|0x00000000b2300000, 0x00000000b2300000, 0x00000000b2400000|  0%| F|  |TAMS 0x00000000b2300000, 0x00000000b2300000| Untracked 
| 804|0x00000000b2400000, 0x00000000b2400000, 0x00000000b2500000|  0%| F|  |TAMS 0x00000000b2400000, 0x00000000b2400000| Untracked 
| 805|0x00000000b2500000, 0x00000000b2500000, 0x00000000b2600000|  0%| F|  |TAMS 0x00000000b2500000, 0x00000000b2500000| Untracked 
| 806|0x00000000b2600000, 0x00000000b2600000, 0x00000000b2700000|  0%| F|  |TAMS 0x00000000b2600000, 0x00000000b2600000| Untracked 
| 807|0x00000000b2700000, 0x00000000b2700000, 0x00000000b2800000|  0%| F|  |TAMS 0x00000000b2700000, 0x00000000b2700000| Untracked 
| 808|0x00000000b2800000, 0x00000000b2800000, 0x00000000b2900000|  0%| F|  |TAMS 0x00000000b2800000, 0x00000000b2800000| Untracked 
| 809|0x00000000b2900000, 0x00000000b2900000, 0x00000000b2a00000|  0%| F|  |TAMS 0x00000000b2900000, 0x00000000b2900000| Untracked 
| 810|0x00000000b2a00000, 0x00000000b2a00000, 0x00000000b2b00000|  0%| F|  |TAMS 0x00000000b2a00000, 0x00000000b2a00000| Untracked 
| 811|0x00000000b2b00000, 0x00000000b2b00000, 0x00000000b2c00000|  0%| F|  |TAMS 0x00000000b2b00000, 0x00000000b2b00000| Untracked 
| 812|0x00000000b2c00000, 0x00000000b2c00000, 0x00000000b2d00000|  0%| F|  |TAMS 0x00000000b2c00000, 0x00000000b2c00000| Untracked 
| 813|0x00000000b2d00000, 0x00000000b2d00000, 0x00000000b2e00000|  0%| F|  |TAMS 0x00000000b2d00000, 0x00000000b2d00000| Untracked 
| 814|0x00000000b2e00000, 0x00000000b2e00000, 0x00000000b2f00000|  0%| F|  |TAMS 0x00000000b2e00000, 0x00000000b2e00000| Untracked 
| 815|0x00000000b2f00000, 0x00000000b2f00000, 0x00000000b3000000|  0%| F|  |TAMS 0x00000000b2f00000, 0x00000000b2f00000| Untracked 
| 816|0x00000000b3000000, 0x00000000b3000000, 0x00000000b3100000|  0%| F|  |TAMS 0x00000000b3000000, 0x00000000b3000000| Untracked 
| 817|0x00000000b3100000, 0x00000000b3100000, 0x00000000b3200000|  0%| F|  |TAMS 0x00000000b3100000, 0x00000000b3100000| Untracked 
| 818|0x00000000b3200000, 0x00000000b3200000, 0x00000000b3300000|  0%| F|  |TAMS 0x00000000b3200000, 0x00000000b3200000| Untracked 
| 819|0x00000000b3300000, 0x00000000b3300000, 0x00000000b3400000|  0%| F|  |TAMS 0x00000000b3300000, 0x00000000b3300000| Untracked 
| 820|0x00000000b3400000, 0x00000000b3400000, 0x00000000b3500000|  0%| F|  |TAMS 0x00000000b3400000, 0x00000000b3400000| Untracked 
| 821|0x00000000b3500000, 0x00000000b3500000, 0x00000000b3600000|  0%| F|  |TAMS 0x00000000b3500000, 0x00000000b3500000| Untracked 
| 822|0x00000000b3600000, 0x00000000b3600000, 0x00000000b3700000|  0%| F|  |TAMS 0x00000000b3600000, 0x00000000b3600000| Untracked 
| 823|0x00000000b3700000, 0x00000000b3700000, 0x00000000b3800000|  0%| F|  |TAMS 0x00000000b3700000, 0x00000000b3700000| Untracked 
| 824|0x00000000b3800000, 0x00000000b3800000, 0x00000000b3900000|  0%| F|  |TAMS 0x00000000b3800000, 0x00000000b3800000| Untracked 
| 825|0x00000000b3900000, 0x00000000b3900000, 0x00000000b3a00000|  0%| F|  |TAMS 0x00000000b3900000, 0x00000000b3900000| Untracked 
| 826|0x00000000b3a00000, 0x00000000b3a00000, 0x00000000b3b00000|  0%| F|  |TAMS 0x00000000b3a00000, 0x00000000b3a00000| Untracked 
| 827|0x00000000b3b00000, 0x00000000b3b00000, 0x00000000b3c00000|  0%| F|  |TAMS 0x00000000b3b00000, 0x00000000b3b00000| Untracked 
| 828|0x00000000b3c00000, 0x00000000b3c00000, 0x00000000b3d00000|  0%| F|  |TAMS 0x00000000b3c00000, 0x00000000b3c00000| Untracked 
| 829|0x00000000b3d00000, 0x00000000b3d00000, 0x00000000b3e00000|  0%| F|  |TAMS 0x00000000b3d00000, 0x00000000b3d00000| Untracked 
| 830|0x00000000b3e00000, 0x00000000b3e00000, 0x00000000b3f00000|  0%| F|  |TAMS 0x00000000b3e00000, 0x00000000b3e00000| Untracked 
| 831|0x00000000b3f00000, 0x00000000b3f00000, 0x00000000b4000000|  0%| F|  |TAMS 0x00000000b3f00000, 0x00000000b3f00000| Untracked 
| 832|0x00000000b4000000, 0x00000000b4000000, 0x00000000b4100000|  0%| F|  |TAMS 0x00000000b4000000, 0x00000000b4000000| Untracked 
| 833|0x00000000b4100000, 0x00000000b4100000, 0x00000000b4200000|  0%| F|  |TAMS 0x00000000b4100000, 0x00000000b4100000| Untracked 
| 834|0x00000000b4200000, 0x00000000b4200000, 0x00000000b4300000|  0%| F|  |TAMS 0x00000000b4200000, 0x00000000b4200000| Untracked 
| 835|0x00000000b4300000, 0x00000000b4300000, 0x00000000b4400000|  0%| F|  |TAMS 0x00000000b4300000, 0x00000000b4300000| Untracked 
| 836|0x00000000b4400000, 0x00000000b4400000, 0x00000000b4500000|  0%| F|  |TAMS 0x00000000b4400000, 0x00000000b4400000| Untracked 
| 837|0x00000000b4500000, 0x00000000b4500000, 0x00000000b4600000|  0%| F|  |TAMS 0x00000000b4500000, 0x00000000b4500000| Untracked 
| 838|0x00000000b4600000, 0x00000000b4600000, 0x00000000b4700000|  0%| F|  |TAMS 0x00000000b4600000, 0x00000000b4600000| Untracked 
| 839|0x00000000b4700000, 0x00000000b4700000, 0x00000000b4800000|  0%| F|  |TAMS 0x00000000b4700000, 0x00000000b4700000| Untracked 
| 840|0x00000000b4800000, 0x00000000b4800000, 0x00000000b4900000|  0%| F|  |TAMS 0x00000000b4800000, 0x00000000b4800000| Untracked 
| 841|0x00000000b4900000, 0x00000000b4900000, 0x00000000b4a00000|  0%| F|  |TAMS 0x00000000b4900000, 0x00000000b4900000| Untracked 
| 842|0x00000000b4a00000, 0x00000000b4a00000, 0x00000000b4b00000|  0%| F|  |TAMS 0x00000000b4a00000, 0x00000000b4a00000| Untracked 
| 843|0x00000000b4b00000, 0x00000000b4b00000, 0x00000000b4c00000|  0%| F|  |TAMS 0x00000000b4b00000, 0x00000000b4b00000| Untracked 
| 844|0x00000000b4c00000, 0x00000000b4c00000, 0x00000000b4d00000|  0%| F|  |TAMS 0x00000000b4c00000, 0x00000000b4c00000| Untracked 
| 845|0x00000000b4d00000, 0x00000000b4d00000, 0x00000000b4e00000|  0%| F|  |TAMS 0x00000000b4d00000, 0x00000000b4d00000| Untracked 
| 846|0x00000000b4e00000, 0x00000000b4e00000, 0x00000000b4f00000|  0%| F|  |TAMS 0x00000000b4e00000, 0x00000000b4e00000| Untracked 
| 847|0x00000000b4f00000, 0x00000000b4f00000, 0x00000000b5000000|  0%| F|  |TAMS 0x00000000b4f00000, 0x00000000b4f00000| Untracked 
| 848|0x00000000b5000000, 0x00000000b5000000, 0x00000000b5100000|  0%| F|  |TAMS 0x00000000b5000000, 0x00000000b5000000| Untracked 
| 849|0x00000000b5100000, 0x00000000b5100000, 0x00000000b5200000|  0%| F|  |TAMS 0x00000000b5100000, 0x00000000b5100000| Untracked 
| 850|0x00000000b5200000, 0x00000000b5200000, 0x00000000b5300000|  0%| F|  |TAMS 0x00000000b5200000, 0x00000000b5200000| Untracked 
| 851|0x00000000b5300000, 0x00000000b5300000, 0x00000000b5400000|  0%| F|  |TAMS 0x00000000b5300000, 0x00000000b5300000| Untracked 
| 852|0x00000000b5400000, 0x00000000b5400000, 0x00000000b5500000|  0%| F|  |TAMS 0x00000000b5400000, 0x00000000b5400000| Untracked 
| 853|0x00000000b5500000, 0x00000000b5500000, 0x00000000b5600000|  0%| F|  |TAMS 0x00000000b5500000, 0x00000000b5500000| Untracked 
| 854|0x00000000b5600000, 0x00000000b5600000, 0x00000000b5700000|  0%| F|  |TAMS 0x00000000b5600000, 0x00000000b5600000| Untracked 
| 855|0x00000000b5700000, 0x00000000b5700000, 0x00000000b5800000|  0%| F|  |TAMS 0x00000000b5700000, 0x00000000b5700000| Untracked 
| 856|0x00000000b5800000, 0x00000000b5800000, 0x00000000b5900000|  0%| F|  |TAMS 0x00000000b5800000, 0x00000000b5800000| Untracked 
| 857|0x00000000b5900000, 0x00000000b5900000, 0x00000000b5a00000|  0%| F|  |TAMS 0x00000000b5900000, 0x00000000b5900000| Untracked 
| 858|0x00000000b5a00000, 0x00000000b5a00000, 0x00000000b5b00000|  0%| F|  |TAMS 0x00000000b5a00000, 0x00000000b5a00000| Untracked 
| 859|0x00000000b5b00000, 0x00000000b5b00000, 0x00000000b5c00000|  0%| F|  |TAMS 0x00000000b5b00000, 0x00000000b5b00000| Untracked 
| 860|0x00000000b5c00000, 0x00000000b5c00000, 0x00000000b5d00000|  0%| F|  |TAMS 0x00000000b5c00000, 0x00000000b5c00000| Untracked 
| 861|0x00000000b5d00000, 0x00000000b5d00000, 0x00000000b5e00000|  0%| F|  |TAMS 0x00000000b5d00000, 0x00000000b5d00000| Untracked 
| 862|0x00000000b5e00000, 0x00000000b5e00000, 0x00000000b5f00000|  0%| F|  |TAMS 0x00000000b5e00000, 0x00000000b5e00000| Untracked 
| 863|0x00000000b5f00000, 0x00000000b5f00000, 0x00000000b6000000|  0%| F|  |TAMS 0x00000000b5f00000, 0x00000000b5f00000| Untracked 
| 864|0x00000000b6000000, 0x00000000b6000000, 0x00000000b6100000|  0%| F|  |TAMS 0x00000000b6000000, 0x00000000b6000000| Untracked 
| 865|0x00000000b6100000, 0x00000000b6100000, 0x00000000b6200000|  0%| F|  |TAMS 0x00000000b6100000, 0x00000000b6100000| Untracked 
| 866|0x00000000b6200000, 0x00000000b6200000, 0x00000000b6300000|  0%| F|  |TAMS 0x00000000b6200000, 0x00000000b6200000| Untracked 
| 867|0x00000000b6300000, 0x00000000b6300000, 0x00000000b6400000|  0%| F|  |TAMS 0x00000000b6300000, 0x00000000b6300000| Untracked 
| 868|0x00000000b6400000, 0x00000000b6400000, 0x00000000b6500000|  0%| F|  |TAMS 0x00000000b6400000, 0x00000000b6400000| Untracked 
| 869|0x00000000b6500000, 0x00000000b6500000, 0x00000000b6600000|  0%| F|  |TAMS 0x00000000b6500000, 0x00000000b6500000| Untracked 
| 870|0x00000000b6600000, 0x00000000b6600000, 0x00000000b6700000|  0%| F|  |TAMS 0x00000000b6600000, 0x00000000b6600000| Untracked 
| 871|0x00000000b6700000, 0x00000000b6700000, 0x00000000b6800000|  0%| F|  |TAMS 0x00000000b6700000, 0x00000000b6700000| Untracked 
| 872|0x00000000b6800000, 0x00000000b6800000, 0x00000000b6900000|  0%| F|  |TAMS 0x00000000b6800000, 0x00000000b6800000| Untracked 
| 873|0x00000000b6900000, 0x00000000b6900000, 0x00000000b6a00000|  0%| F|  |TAMS 0x00000000b6900000, 0x00000000b6900000| Untracked 
| 874|0x00000000b6a00000, 0x00000000b6a00000, 0x00000000b6b00000|  0%| F|  |TAMS 0x00000000b6a00000, 0x00000000b6a00000| Untracked 
| 875|0x00000000b6b00000, 0x00000000b6b00000, 0x00000000b6c00000|  0%| F|  |TAMS 0x00000000b6b00000, 0x00000000b6b00000| Untracked 
| 876|0x00000000b6c00000, 0x00000000b6c00000, 0x00000000b6d00000|  0%| F|  |TAMS 0x00000000b6c00000, 0x00000000b6c00000| Untracked 
| 877|0x00000000b6d00000, 0x00000000b6d00000, 0x00000000b6e00000|  0%| F|  |TAMS 0x00000000b6d00000, 0x00000000b6d00000| Untracked 
| 878|0x00000000b6e00000, 0x00000000b6e00000, 0x00000000b6f00000|  0%| F|  |TAMS 0x00000000b6e00000, 0x00000000b6e00000| Untracked 
| 879|0x00000000b6f00000, 0x00000000b6f00000, 0x00000000b7000000|  0%| F|  |TAMS 0x00000000b6f00000, 0x00000000b6f00000| Untracked 
| 880|0x00000000b7000000, 0x00000000b7000000, 0x00000000b7100000|  0%| F|  |TAMS 0x00000000b7000000, 0x00000000b7000000| Untracked 
| 881|0x00000000b7100000, 0x00000000b7100000, 0x00000000b7200000|  0%| F|  |TAMS 0x00000000b7100000, 0x00000000b7100000| Untracked 
| 882|0x00000000b7200000, 0x00000000b7200000, 0x00000000b7300000|  0%| F|  |TAMS 0x00000000b7200000, 0x00000000b7200000| Untracked 
| 883|0x00000000b7300000, 0x00000000b7300000, 0x00000000b7400000|  0%| F|  |TAMS 0x00000000b7300000, 0x00000000b7300000| Untracked 
| 884|0x00000000b7400000, 0x00000000b7400000, 0x00000000b7500000|  0%| F|  |TAMS 0x00000000b7400000, 0x00000000b7400000| Untracked 
| 885|0x00000000b7500000, 0x00000000b7500000, 0x00000000b7600000|  0%| F|  |TAMS 0x00000000b7500000, 0x00000000b7500000| Untracked 
| 886|0x00000000b7600000, 0x00000000b7600000, 0x00000000b7700000|  0%| F|  |TAMS 0x00000000b7600000, 0x00000000b7600000| Untracked 
| 887|0x00000000b7700000, 0x00000000b7700000, 0x00000000b7800000|  0%| F|  |TAMS 0x00000000b7700000, 0x00000000b7700000| Untracked 
| 888|0x00000000b7800000, 0x00000000b7800000, 0x00000000b7900000|  0%| F|  |TAMS 0x00000000b7800000, 0x00000000b7800000| Untracked 
| 889|0x00000000b7900000, 0x00000000b7900000, 0x00000000b7a00000|  0%| F|  |TAMS 0x00000000b7900000, 0x00000000b7900000| Untracked 
| 890|0x00000000b7a00000, 0x00000000b7a00000, 0x00000000b7b00000|  0%| F|  |TAMS 0x00000000b7a00000, 0x00000000b7a00000| Untracked 
| 891|0x00000000b7b00000, 0x00000000b7b00000, 0x00000000b7c00000|  0%| F|  |TAMS 0x00000000b7b00000, 0x00000000b7b00000| Untracked 
| 892|0x00000000b7c00000, 0x00000000b7c00000, 0x00000000b7d00000|  0%| F|  |TAMS 0x00000000b7c00000, 0x00000000b7c00000| Untracked 
| 893|0x00000000b7d00000, 0x00000000b7d00000, 0x00000000b7e00000|  0%| F|  |TAMS 0x00000000b7d00000, 0x00000000b7d00000| Untracked 
| 894|0x00000000b7e00000, 0x00000000b7e00000, 0x00000000b7f00000|  0%| F|  |TAMS 0x00000000b7e00000, 0x00000000b7e00000| Untracked 
| 895|0x00000000b7f00000, 0x00000000b7f00000, 0x00000000b8000000|  0%| F|  |TAMS 0x00000000b7f00000, 0x00000000b7f00000| Untracked 
| 896|0x00000000b8000000, 0x00000000b8000000, 0x00000000b8100000|  0%| F|  |TAMS 0x00000000b8000000, 0x00000000b8000000| Untracked 
| 897|0x00000000b8100000, 0x00000000b8100000, 0x00000000b8200000|  0%| F|  |TAMS 0x00000000b8100000, 0x00000000b8100000| Untracked 
| 898|0x00000000b8200000, 0x00000000b8200000, 0x00000000b8300000|  0%| F|  |TAMS 0x00000000b8200000, 0x00000000b8200000| Untracked 
| 899|0x00000000b8300000, 0x00000000b8300000, 0x00000000b8400000|  0%| F|  |TAMS 0x00000000b8300000, 0x00000000b8300000| Untracked 
| 900|0x00000000b8400000, 0x00000000b8400000, 0x00000000b8500000|  0%| F|  |TAMS 0x00000000b8400000, 0x00000000b8400000| Untracked 
| 901|0x00000000b8500000, 0x00000000b8500000, 0x00000000b8600000|  0%| F|  |TAMS 0x00000000b8500000, 0x00000000b8500000| Untracked 
| 902|0x00000000b8600000, 0x00000000b8600000, 0x00000000b8700000|  0%| F|  |TAMS 0x00000000b8600000, 0x00000000b8600000| Untracked 
| 903|0x00000000b8700000, 0x00000000b8700000, 0x00000000b8800000|  0%| F|  |TAMS 0x00000000b8700000, 0x00000000b8700000| Untracked 
| 904|0x00000000b8800000, 0x00000000b8800000, 0x00000000b8900000|  0%| F|  |TAMS 0x00000000b8800000, 0x00000000b8800000| Untracked 
| 905|0x00000000b8900000, 0x00000000b8900000, 0x00000000b8a00000|  0%| F|  |TAMS 0x00000000b8900000, 0x00000000b8900000| Untracked 
| 906|0x00000000b8a00000, 0x00000000b8a00000, 0x00000000b8b00000|  0%| F|  |TAMS 0x00000000b8a00000, 0x00000000b8a00000| Untracked 
| 907|0x00000000b8b00000, 0x00000000b8b00000, 0x00000000b8c00000|  0%| F|  |TAMS 0x00000000b8b00000, 0x00000000b8b00000| Untracked 
| 908|0x00000000b8c00000, 0x00000000b8c00000, 0x00000000b8d00000|  0%| F|  |TAMS 0x00000000b8c00000, 0x00000000b8c00000| Untracked 
| 909|0x00000000b8d00000, 0x00000000b8d00000, 0x00000000b8e00000|  0%| F|  |TAMS 0x00000000b8d00000, 0x00000000b8d00000| Untracked 
| 910|0x00000000b8e00000, 0x00000000b8e00000, 0x00000000b8f00000|  0%| F|  |TAMS 0x00000000b8e00000, 0x00000000b8e00000| Untracked 
| 911|0x00000000b8f00000, 0x00000000b8f00000, 0x00000000b9000000|  0%| F|  |TAMS 0x00000000b8f00000, 0x00000000b8f00000| Untracked 
| 912|0x00000000b9000000, 0x00000000b9000000, 0x00000000b9100000|  0%| F|  |TAMS 0x00000000b9000000, 0x00000000b9000000| Untracked 
| 913|0x00000000b9100000, 0x00000000b9100000, 0x00000000b9200000|  0%| F|  |TAMS 0x00000000b9100000, 0x00000000b9100000| Untracked 
| 914|0x00000000b9200000, 0x00000000b9200000, 0x00000000b9300000|  0%| F|  |TAMS 0x00000000b9200000, 0x00000000b9200000| Untracked 
| 915|0x00000000b9300000, 0x00000000b9300000, 0x00000000b9400000|  0%| F|  |TAMS 0x00000000b9300000, 0x00000000b9300000| Untracked 
| 916|0x00000000b9400000, 0x00000000b9400000, 0x00000000b9500000|  0%| F|  |TAMS 0x00000000b9400000, 0x00000000b9400000| Untracked 
| 917|0x00000000b9500000, 0x00000000b9500000, 0x00000000b9600000|  0%| F|  |TAMS 0x00000000b9500000, 0x00000000b9500000| Untracked 
| 918|0x00000000b9600000, 0x00000000b9600000, 0x00000000b9700000|  0%| F|  |TAMS 0x00000000b9600000, 0x00000000b9600000| Untracked 
| 919|0x00000000b9700000, 0x00000000b9700000, 0x00000000b9800000|  0%| F|  |TAMS 0x00000000b9700000, 0x00000000b9700000| Untracked 
| 920|0x00000000b9800000, 0x00000000b9800000, 0x00000000b9900000|  0%| F|  |TAMS 0x00000000b9800000, 0x00000000b9800000| Untracked 
| 921|0x00000000b9900000, 0x00000000b9900000, 0x00000000b9a00000|  0%| F|  |TAMS 0x00000000b9900000, 0x00000000b9900000| Untracked 
| 922|0x00000000b9a00000, 0x00000000b9a00000, 0x00000000b9b00000|  0%| F|  |TAMS 0x00000000b9a00000, 0x00000000b9a00000| Untracked 
| 923|0x00000000b9b00000, 0x00000000b9b00000, 0x00000000b9c00000|  0%| F|  |TAMS 0x00000000b9b00000, 0x00000000b9b00000| Untracked 
| 924|0x00000000b9c00000, 0x00000000b9c00000, 0x00000000b9d00000|  0%| F|  |TAMS 0x00000000b9c00000, 0x00000000b9c00000| Untracked 
| 925|0x00000000b9d00000, 0x00000000b9d00000, 0x00000000b9e00000|  0%| F|  |TAMS 0x00000000b9d00000, 0x00000000b9d00000| Untracked 
| 926|0x00000000b9e00000, 0x00000000b9e00000, 0x00000000b9f00000|  0%| F|  |TAMS 0x00000000b9e00000, 0x00000000b9e00000| Untracked 
| 927|0x00000000b9f00000, 0x00000000b9f00000, 0x00000000ba000000|  0%| F|  |TAMS 0x00000000b9f00000, 0x00000000b9f00000| Untracked 
| 928|0x00000000ba000000, 0x00000000ba000000, 0x00000000ba100000|  0%| F|  |TAMS 0x00000000ba000000, 0x00000000ba000000| Untracked 
| 929|0x00000000ba100000, 0x00000000ba100000, 0x00000000ba200000|  0%| F|  |TAMS 0x00000000ba100000, 0x00000000ba100000| Untracked 
| 930|0x00000000ba200000, 0x00000000ba200000, 0x00000000ba300000|  0%| F|  |TAMS 0x00000000ba200000, 0x00000000ba200000| Untracked 
| 931|0x00000000ba300000, 0x00000000ba300000, 0x00000000ba400000|  0%| F|  |TAMS 0x00000000ba300000, 0x00000000ba300000| Untracked 
| 932|0x00000000ba400000, 0x00000000ba400000, 0x00000000ba500000|  0%| F|  |TAMS 0x00000000ba400000, 0x00000000ba400000| Untracked 
| 933|0x00000000ba500000, 0x00000000ba500000, 0x00000000ba600000|  0%| F|  |TAMS 0x00000000ba500000, 0x00000000ba500000| Untracked 
| 934|0x00000000ba600000, 0x00000000ba600000, 0x00000000ba700000|  0%| F|  |TAMS 0x00000000ba600000, 0x00000000ba600000| Untracked 
| 935|0x00000000ba700000, 0x00000000ba700000, 0x00000000ba800000|  0%| F|  |TAMS 0x00000000ba700000, 0x00000000ba700000| Untracked 
| 936|0x00000000ba800000, 0x00000000ba800000, 0x00000000ba900000|  0%| F|  |TAMS 0x00000000ba800000, 0x00000000ba800000| Untracked 
| 937|0x00000000ba900000, 0x00000000ba900000, 0x00000000baa00000|  0%| F|  |TAMS 0x00000000ba900000, 0x00000000ba900000| Untracked 
| 938|0x00000000baa00000, 0x00000000baa00000, 0x00000000bab00000|  0%| F|  |TAMS 0x00000000baa00000, 0x00000000baa00000| Untracked 
| 939|0x00000000bab00000, 0x00000000bab00000, 0x00000000bac00000|  0%| F|  |TAMS 0x00000000bab00000, 0x00000000bab00000| Untracked 
| 940|0x00000000bac00000, 0x00000000bac00000, 0x00000000bad00000|  0%| F|  |TAMS 0x00000000bac00000, 0x00000000bac00000| Untracked 
| 941|0x00000000bad00000, 0x00000000bad00000, 0x00000000bae00000|  0%| F|  |TAMS 0x00000000bad00000, 0x00000000bad00000| Untracked 
| 942|0x00000000bae00000, 0x00000000bae00000, 0x00000000baf00000|  0%| F|  |TAMS 0x00000000bae00000, 0x00000000bae00000| Untracked 
| 943|0x00000000baf00000, 0x00000000baf00000, 0x00000000bb000000|  0%| F|  |TAMS 0x00000000baf00000, 0x00000000baf00000| Untracked 
| 944|0x00000000bb000000, 0x00000000bb000000, 0x00000000bb100000|  0%| F|  |TAMS 0x00000000bb000000, 0x00000000bb000000| Untracked 
| 945|0x00000000bb100000, 0x00000000bb100000, 0x00000000bb200000|  0%| F|  |TAMS 0x00000000bb100000, 0x00000000bb100000| Untracked 
| 946|0x00000000bb200000, 0x00000000bb200000, 0x00000000bb300000|  0%| F|  |TAMS 0x00000000bb200000, 0x00000000bb200000| Untracked 
| 947|0x00000000bb300000, 0x00000000bb300000, 0x00000000bb400000|  0%| F|  |TAMS 0x00000000bb300000, 0x00000000bb300000| Untracked 
| 948|0x00000000bb400000, 0x00000000bb400000, 0x00000000bb500000|  0%| F|  |TAMS 0x00000000bb400000, 0x00000000bb400000| Untracked 
| 949|0x00000000bb500000, 0x00000000bb500000, 0x00000000bb600000|  0%| F|  |TAMS 0x00000000bb500000, 0x00000000bb500000| Untracked 
| 950|0x00000000bb600000, 0x00000000bb600000, 0x00000000bb700000|  0%| F|  |TAMS 0x00000000bb600000, 0x00000000bb600000| Untracked 
| 951|0x00000000bb700000, 0x00000000bb700000, 0x00000000bb800000|  0%| F|  |TAMS 0x00000000bb700000, 0x00000000bb700000| Untracked 
| 952|0x00000000bb800000, 0x00000000bb800000, 0x00000000bb900000|  0%| F|  |TAMS 0x00000000bb800000, 0x00000000bb800000| Untracked 
| 953|0x00000000bb900000, 0x00000000bb900000, 0x00000000bba00000|  0%| F|  |TAMS 0x00000000bb900000, 0x00000000bb900000| Untracked 
| 954|0x00000000bba00000, 0x00000000bba00000, 0x00000000bbb00000|  0%| F|  |TAMS 0x00000000bba00000, 0x00000000bba00000| Untracked 
| 955|0x00000000bbb00000, 0x00000000bbb00000, 0x00000000bbc00000|  0%| F|  |TAMS 0x00000000bbb00000, 0x00000000bbb00000| Untracked 
| 956|0x00000000bbc00000, 0x00000000bbc00000, 0x00000000bbd00000|  0%| F|  |TAMS 0x00000000bbc00000, 0x00000000bbc00000| Untracked 
| 957|0x00000000bbd00000, 0x00000000bbd00000, 0x00000000bbe00000|  0%| F|  |TAMS 0x00000000bbd00000, 0x00000000bbd00000| Untracked 
| 958|0x00000000bbe00000, 0x00000000bbe00000, 0x00000000bbf00000|  0%| F|  |TAMS 0x00000000bbe00000, 0x00000000bbe00000| Untracked 
| 959|0x00000000bbf00000, 0x00000000bbf00000, 0x00000000bc000000|  0%| F|  |TAMS 0x00000000bbf00000, 0x00000000bbf00000| Untracked 
| 960|0x00000000bc000000, 0x00000000bc000000, 0x00000000bc100000|  0%| F|  |TAMS 0x00000000bc000000, 0x00000000bc000000| Untracked 
| 961|0x00000000bc100000, 0x00000000bc100000, 0x00000000bc200000|  0%| F|  |TAMS 0x00000000bc100000, 0x00000000bc100000| Untracked 
| 962|0x00000000bc200000, 0x00000000bc200000, 0x00000000bc300000|  0%| F|  |TAMS 0x00000000bc200000, 0x00000000bc200000| Untracked 
| 963|0x00000000bc300000, 0x00000000bc300000, 0x00000000bc400000|  0%| F|  |TAMS 0x00000000bc300000, 0x00000000bc300000| Untracked 
| 964|0x00000000bc400000, 0x00000000bc400000, 0x00000000bc500000|  0%| F|  |TAMS 0x00000000bc400000, 0x00000000bc400000| Untracked 
| 965|0x00000000bc500000, 0x00000000bc500000, 0x00000000bc600000|  0%| F|  |TAMS 0x00000000bc500000, 0x00000000bc500000| Untracked 
| 966|0x00000000bc600000, 0x00000000bc600000, 0x00000000bc700000|  0%| F|  |TAMS 0x00000000bc600000, 0x00000000bc600000| Untracked 
| 967|0x00000000bc700000, 0x00000000bc700000, 0x00000000bc800000|  0%| F|  |TAMS 0x00000000bc700000, 0x00000000bc700000| Untracked 
| 968|0x00000000bc800000, 0x00000000bc800000, 0x00000000bc900000|  0%| F|  |TAMS 0x00000000bc800000, 0x00000000bc800000| Untracked 
| 969|0x00000000bc900000, 0x00000000bc900000, 0x00000000bca00000|  0%| F|  |TAMS 0x00000000bc900000, 0x00000000bc900000| Untracked 
| 970|0x00000000bca00000, 0x00000000bca00000, 0x00000000bcb00000|  0%| F|  |TAMS 0x00000000bca00000, 0x00000000bca00000| Untracked 
| 971|0x00000000bcb00000, 0x00000000bcb00000, 0x00000000bcc00000|  0%| F|  |TAMS 0x00000000bcb00000, 0x00000000bcb00000| Untracked 
| 972|0x00000000bcc00000, 0x00000000bcc00000, 0x00000000bcd00000|  0%| F|  |TAMS 0x00000000bcc00000, 0x00000000bcc00000| Untracked 
| 973|0x00000000bcd00000, 0x00000000bcd00000, 0x00000000bce00000|  0%| F|  |TAMS 0x00000000bcd00000, 0x00000000bcd00000| Untracked 
| 974|0x00000000bce00000, 0x00000000bce00000, 0x00000000bcf00000|  0%| F|  |TAMS 0x00000000bce00000, 0x00000000bce00000| Untracked 
| 975|0x00000000bcf00000, 0x00000000bcf00000, 0x00000000bd000000|  0%| F|  |TAMS 0x00000000bcf00000, 0x00000000bcf00000| Untracked 
| 976|0x00000000bd000000, 0x00000000bd000000, 0x00000000bd100000|  0%| F|  |TAMS 0x00000000bd000000, 0x00000000bd000000| Untracked 
| 977|0x00000000bd100000, 0x00000000bd100000, 0x00000000bd200000|  0%| F|  |TAMS 0x00000000bd100000, 0x00000000bd100000| Untracked 
| 978|0x00000000bd200000, 0x00000000bd200000, 0x00000000bd300000|  0%| F|  |TAMS 0x00000000bd200000, 0x00000000bd200000| Untracked 
| 979|0x00000000bd300000, 0x00000000bd300000, 0x00000000bd400000|  0%| F|  |TAMS 0x00000000bd300000, 0x00000000bd300000| Untracked 
| 980|0x00000000bd400000, 0x00000000bd400000, 0x00000000bd500000|  0%| F|  |TAMS 0x00000000bd400000, 0x00000000bd400000| Untracked 
| 981|0x00000000bd500000, 0x00000000bd500000, 0x00000000bd600000|  0%| F|  |TAMS 0x00000000bd500000, 0x00000000bd500000| Untracked 
| 982|0x00000000bd600000, 0x00000000bd600000, 0x00000000bd700000|  0%| F|  |TAMS 0x00000000bd600000, 0x00000000bd600000| Untracked 
| 983|0x00000000bd700000, 0x00000000bd700000, 0x00000000bd800000|  0%| F|  |TAMS 0x00000000bd700000, 0x00000000bd700000| Untracked 
| 984|0x00000000bd800000, 0x00000000bd800000, 0x00000000bd900000|  0%| F|  |TAMS 0x00000000bd800000, 0x00000000bd800000| Untracked 
| 985|0x00000000bd900000, 0x00000000bd900000, 0x00000000bda00000|  0%| F|  |TAMS 0x00000000bd900000, 0x00000000bd900000| Untracked 
| 986|0x00000000bda00000, 0x00000000bda00000, 0x00000000bdb00000|  0%| F|  |TAMS 0x00000000bda00000, 0x00000000bda00000| Untracked 
| 987|0x00000000bdb00000, 0x00000000bdb00000, 0x00000000bdc00000|  0%| F|  |TAMS 0x00000000bdb00000, 0x00000000bdb00000| Untracked 
| 988|0x00000000bdc00000, 0x00000000bdc00000, 0x00000000bdd00000|  0%| F|  |TAMS 0x00000000bdc00000, 0x00000000bdc00000| Untracked 
| 989|0x00000000bdd00000, 0x00000000bdd00000, 0x00000000bde00000|  0%| F|  |TAMS 0x00000000bdd00000, 0x00000000bdd00000| Untracked 
| 990|0x00000000bde00000, 0x00000000bde00000, 0x00000000bdf00000|  0%| F|  |TAMS 0x00000000bde00000, 0x00000000bde00000| Untracked 
| 991|0x00000000bdf00000, 0x00000000bdf00000, 0x00000000be000000|  0%| F|  |TAMS 0x00000000bdf00000, 0x00000000bdf00000| Untracked 
| 992|0x00000000be000000, 0x00000000be000000, 0x00000000be100000|  0%| F|  |TAMS 0x00000000be000000, 0x00000000be000000| Untracked 
| 993|0x00000000be100000, 0x00000000be100000, 0x00000000be200000|  0%| F|  |TAMS 0x00000000be100000, 0x00000000be100000| Untracked 
| 994|0x00000000be200000, 0x00000000be200000, 0x00000000be300000|  0%| F|  |TAMS 0x00000000be200000, 0x00000000be200000| Untracked 
| 995|0x00000000be300000, 0x00000000be300000, 0x00000000be400000|  0%| F|  |TAMS 0x00000000be300000, 0x00000000be300000| Untracked 
| 996|0x00000000be400000, 0x00000000be400000, 0x00000000be500000|  0%| F|  |TAMS 0x00000000be400000, 0x00000000be400000| Untracked 
| 997|0x00000000be500000, 0x00000000be500000, 0x00000000be600000|  0%| F|  |TAMS 0x00000000be500000, 0x00000000be500000| Untracked 
| 998|0x00000000be600000, 0x00000000be600000, 0x00000000be700000|  0%| F|  |TAMS 0x00000000be600000, 0x00000000be600000| Untracked 
| 999|0x00000000be700000, 0x00000000be700000, 0x00000000be800000|  0%| F|  |TAMS 0x00000000be700000, 0x00000000be700000| Untracked 
|1000|0x00000000be800000, 0x00000000be800000, 0x00000000be900000|  0%| F|  |TAMS 0x00000000be800000, 0x00000000be800000| Untracked 
|1001|0x00000000be900000, 0x00000000be900000, 0x00000000bea00000|  0%| F|  |TAMS 0x00000000be900000, 0x00000000be900000| Untracked 
|1002|0x00000000bea00000, 0x00000000bea00000, 0x00000000beb00000|  0%| F|  |TAMS 0x00000000bea00000, 0x00000000bea00000| Untracked 
|1003|0x00000000beb00000, 0x00000000beb00000, 0x00000000bec00000|  0%| F|  |TAMS 0x00000000beb00000, 0x00000000beb00000| Untracked 
|1004|0x00000000bec00000, 0x00000000bec00000, 0x00000000bed00000|  0%| F|  |TAMS 0x00000000bec00000, 0x00000000bec00000| Untracked 
|1005|0x00000000bed00000, 0x00000000bed00000, 0x00000000bee00000|  0%| F|  |TAMS 0x00000000bed00000, 0x00000000bed00000| Untracked 
|1006|0x00000000bee00000, 0x00000000bee00000, 0x00000000bef00000|  0%| F|  |TAMS 0x00000000bee00000, 0x00000000bee00000| Untracked 
|1007|0x00000000bef00000, 0x00000000bef00000, 0x00000000bf000000|  0%| F|  |TAMS 0x00000000bef00000, 0x00000000bef00000| Untracked 
|1008|0x00000000bf000000, 0x00000000bf000000, 0x00000000bf100000|  0%| F|  |TAMS 0x00000000bf000000, 0x00000000bf000000| Untracked 
|1009|0x00000000bf100000, 0x00000000bf100000, 0x00000000bf200000|  0%| F|  |TAMS 0x00000000bf100000, 0x00000000bf100000| Untracked 
|1010|0x00000000bf200000, 0x00000000bf200000, 0x00000000bf300000|  0%| F|  |TAMS 0x00000000bf200000, 0x00000000bf200000| Untracked 
|1011|0x00000000bf300000, 0x00000000bf300000, 0x00000000bf400000|  0%| F|  |TAMS 0x00000000bf300000, 0x00000000bf300000| Untracked 
|1012|0x00000000bf400000, 0x00000000bf400000, 0x00000000bf500000|  0%| F|  |TAMS 0x00000000bf400000, 0x00000000bf400000| Untracked 
|1013|0x00000000bf500000, 0x00000000bf500000, 0x00000000bf600000|  0%| F|  |TAMS 0x00000000bf500000, 0x00000000bf500000| Untracked 
|1014|0x00000000bf600000, 0x00000000bf600000, 0x00000000bf700000|  0%| F|  |TAMS 0x00000000bf600000, 0x00000000bf600000| Untracked 
|1015|0x00000000bf700000, 0x00000000bf700000, 0x00000000bf800000|  0%| F|  |TAMS 0x00000000bf700000, 0x00000000bf700000| Untracked 
|1016|0x00000000bf800000, 0x00000000bf800000, 0x00000000bf900000|  0%| F|  |TAMS 0x00000000bf800000, 0x00000000bf800000| Untracked 
|1017|0x00000000bf900000, 0x00000000bf900000, 0x00000000bfa00000|  0%| F|  |TAMS 0x00000000bf900000, 0x00000000bf900000| Untracked 
|1018|0x00000000bfa00000, 0x00000000bfa00000, 0x00000000bfb00000|  0%| F|  |TAMS 0x00000000bfa00000, 0x00000000bfa00000| Untracked 
|1019|0x00000000bfb00000, 0x00000000bfb00000, 0x00000000bfc00000|  0%| F|  |TAMS 0x00000000bfb00000, 0x00000000bfb00000| Untracked 
|1020|0x00000000bfc00000, 0x00000000bfc00000, 0x00000000bfd00000|  0%| F|  |TAMS 0x00000000bfc00000, 0x00000000bfc00000| Untracked 
|1021|0x00000000bfd00000, 0x00000000bfd00000, 0x00000000bfe00000|  0%| F|  |TAMS 0x00000000bfd00000, 0x00000000bfd00000| Untracked 
|1022|0x00000000bfe00000, 0x00000000bfe00000, 0x00000000bff00000|  0%| F|  |TAMS 0x00000000bfe00000, 0x00000000bfe00000| Untracked 
|1023|0x00000000bff00000, 0x00000000bff00000, 0x00000000c0000000|  0%| F|  |TAMS 0x00000000bff00000, 0x00000000bff00000| Untracked 
|1024|0x00000000c0000000, 0x00000000c0000000, 0x00000000c0100000|  0%| F|  |TAMS 0x00000000c0000000, 0x00000000c0000000| Untracked 
|1025|0x00000000c0100000, 0x00000000c0100000, 0x00000000c0200000|  0%| F|  |TAMS 0x00000000c0100000, 0x00000000c0100000| Untracked 
|1026|0x00000000c0200000, 0x00000000c0200000, 0x00000000c0300000|  0%| F|  |TAMS 0x00000000c0200000, 0x00000000c0200000| Untracked 
|1027|0x00000000c0300000, 0x00000000c0300000, 0x00000000c0400000|  0%| F|  |TAMS 0x00000000c0300000, 0x00000000c0300000| Untracked 
|1028|0x00000000c0400000, 0x00000000c0400000, 0x00000000c0500000|  0%| F|  |TAMS 0x00000000c0400000, 0x00000000c0400000| Untracked 
|1029|0x00000000c0500000, 0x00000000c0500000, 0x00000000c0600000|  0%| F|  |TAMS 0x00000000c0500000, 0x00000000c0500000| Untracked 
|1030|0x00000000c0600000, 0x00000000c0600000, 0x00000000c0700000|  0%| F|  |TAMS 0x00000000c0600000, 0x00000000c0600000| Untracked 
|1031|0x00000000c0700000, 0x00000000c0700000, 0x00000000c0800000|  0%| F|  |TAMS 0x00000000c0700000, 0x00000000c0700000| Untracked 
|1032|0x00000000c0800000, 0x00000000c0800000, 0x00000000c0900000|  0%| F|  |TAMS 0x00000000c0800000, 0x00000000c0800000| Untracked 
|1033|0x00000000c0900000, 0x00000000c0900000, 0x00000000c0a00000|  0%| F|  |TAMS 0x00000000c0900000, 0x00000000c0900000| Untracked 
|1034|0x00000000c0a00000, 0x00000000c0a00000, 0x00000000c0b00000|  0%| F|  |TAMS 0x00000000c0a00000, 0x00000000c0a00000| Untracked 
|1035|0x00000000c0b00000, 0x00000000c0b00000, 0x00000000c0c00000|  0%| F|  |TAMS 0x00000000c0b00000, 0x00000000c0b00000| Untracked 
|1036|0x00000000c0c00000, 0x00000000c0c00000, 0x00000000c0d00000|  0%| F|  |TAMS 0x00000000c0c00000, 0x00000000c0c00000| Untracked 
|1037|0x00000000c0d00000, 0x00000000c0d00000, 0x00000000c0e00000|  0%| F|  |TAMS 0x00000000c0d00000, 0x00000000c0d00000| Untracked 
|1038|0x00000000c0e00000, 0x00000000c0e00000, 0x00000000c0f00000|  0%| F|  |TAMS 0x00000000c0e00000, 0x00000000c0e00000| Untracked 
|1039|0x00000000c0f00000, 0x00000000c0f00000, 0x00000000c1000000|  0%| F|  |TAMS 0x00000000c0f00000, 0x00000000c0f00000| Untracked 
|1040|0x00000000c1000000, 0x00000000c1000000, 0x00000000c1100000|  0%| F|  |TAMS 0x00000000c1000000, 0x00000000c1000000| Untracked 
|1041|0x00000000c1100000, 0x00000000c1100000, 0x00000000c1200000|  0%| F|  |TAMS 0x00000000c1100000, 0x00000000c1100000| Untracked 
|1042|0x00000000c1200000, 0x00000000c1200000, 0x00000000c1300000|  0%| F|  |TAMS 0x00000000c1200000, 0x00000000c1200000| Untracked 
|1043|0x00000000c1300000, 0x00000000c1300000, 0x00000000c1400000|  0%| F|  |TAMS 0x00000000c1300000, 0x00000000c1300000| Untracked 
|1044|0x00000000c1400000, 0x00000000c1400000, 0x00000000c1500000|  0%| F|  |TAMS 0x00000000c1400000, 0x00000000c1400000| Untracked 
|1045|0x00000000c1500000, 0x00000000c1500000, 0x00000000c1600000|  0%| F|  |TAMS 0x00000000c1500000, 0x00000000c1500000| Untracked 
|1046|0x00000000c1600000, 0x00000000c1600000, 0x00000000c1700000|  0%| F|  |TAMS 0x00000000c1600000, 0x00000000c1600000| Untracked 
|1047|0x00000000c1700000, 0x00000000c1700000, 0x00000000c1800000|  0%| F|  |TAMS 0x00000000c1700000, 0x00000000c1700000| Untracked 
|1048|0x00000000c1800000, 0x00000000c1800000, 0x00000000c1900000|  0%| F|  |TAMS 0x00000000c1800000, 0x00000000c1800000| Untracked 
|1049|0x00000000c1900000, 0x00000000c1900000, 0x00000000c1a00000|  0%| F|  |TAMS 0x00000000c1900000, 0x00000000c1900000| Untracked 
|1050|0x00000000c1a00000, 0x00000000c1a00000, 0x00000000c1b00000|  0%| F|  |TAMS 0x00000000c1a00000, 0x00000000c1a00000| Untracked 
|1051|0x00000000c1b00000, 0x00000000c1b00000, 0x00000000c1c00000|  0%| F|  |TAMS 0x00000000c1b00000, 0x00000000c1b00000| Untracked 
|1052|0x00000000c1c00000, 0x00000000c1c00000, 0x00000000c1d00000|  0%| F|  |TAMS 0x00000000c1c00000, 0x00000000c1c00000| Untracked 
|1053|0x00000000c1d00000, 0x00000000c1d00000, 0x00000000c1e00000|  0%| F|  |TAMS 0x00000000c1d00000, 0x00000000c1d00000| Untracked 
|1054|0x00000000c1e00000, 0x00000000c1e00000, 0x00000000c1f00000|  0%| F|  |TAMS 0x00000000c1e00000, 0x00000000c1e00000| Untracked 
|1055|0x00000000c1f00000, 0x00000000c1f00000, 0x00000000c2000000|  0%| F|  |TAMS 0x00000000c1f00000, 0x00000000c1f00000| Untracked 
|1056|0x00000000c2000000, 0x00000000c2000000, 0x00000000c2100000|  0%| F|  |TAMS 0x00000000c2000000, 0x00000000c2000000| Untracked 
|1057|0x00000000c2100000, 0x00000000c2100000, 0x00000000c2200000|  0%| F|  |TAMS 0x00000000c2100000, 0x00000000c2100000| Untracked 
|1058|0x00000000c2200000, 0x00000000c2200000, 0x00000000c2300000|  0%| F|  |TAMS 0x00000000c2200000, 0x00000000c2200000| Untracked 
|1059|0x00000000c2300000, 0x00000000c2300000, 0x00000000c2400000|  0%| F|  |TAMS 0x00000000c2300000, 0x00000000c2300000| Untracked 
|1060|0x00000000c2400000, 0x00000000c2400000, 0x00000000c2500000|  0%| F|  |TAMS 0x00000000c2400000, 0x00000000c2400000| Untracked 
|1061|0x00000000c2500000, 0x00000000c2500000, 0x00000000c2600000|  0%| F|  |TAMS 0x00000000c2500000, 0x00000000c2500000| Untracked 
|1062|0x00000000c2600000, 0x00000000c2600000, 0x00000000c2700000|  0%| F|  |TAMS 0x00000000c2600000, 0x00000000c2600000| Untracked 
|1063|0x00000000c2700000, 0x00000000c2700000, 0x00000000c2800000|  0%| F|  |TAMS 0x00000000c2700000, 0x00000000c2700000| Untracked 
|1064|0x00000000c2800000, 0x00000000c2800000, 0x00000000c2900000|  0%| F|  |TAMS 0x00000000c2800000, 0x00000000c2800000| Untracked 
|1065|0x00000000c2900000, 0x00000000c2900000, 0x00000000c2a00000|  0%| F|  |TAMS 0x00000000c2900000, 0x00000000c2900000| Untracked 
|1066|0x00000000c2a00000, 0x00000000c2a00000, 0x00000000c2b00000|  0%| F|  |TAMS 0x00000000c2a00000, 0x00000000c2a00000| Untracked 
|1067|0x00000000c2b00000, 0x00000000c2b00000, 0x00000000c2c00000|  0%| F|  |TAMS 0x00000000c2b00000, 0x00000000c2b00000| Untracked 
|1068|0x00000000c2c00000, 0x00000000c2c00000, 0x00000000c2d00000|  0%| F|  |TAMS 0x00000000c2c00000, 0x00000000c2c00000| Untracked 
|1069|0x00000000c2d00000, 0x00000000c2d00000, 0x00000000c2e00000|  0%| F|  |TAMS 0x00000000c2d00000, 0x00000000c2d00000| Untracked 
|1070|0x00000000c2e00000, 0x00000000c2e00000, 0x00000000c2f00000|  0%| F|  |TAMS 0x00000000c2e00000, 0x00000000c2e00000| Untracked 
|1071|0x00000000c2f00000, 0x00000000c2f00000, 0x00000000c3000000|  0%| F|  |TAMS 0x00000000c2f00000, 0x00000000c2f00000| Untracked 
|1072|0x00000000c3000000, 0x00000000c3000000, 0x00000000c3100000|  0%| F|  |TAMS 0x00000000c3000000, 0x00000000c3000000| Untracked 
|1073|0x00000000c3100000, 0x00000000c3100000, 0x00000000c3200000|  0%| F|  |TAMS 0x00000000c3100000, 0x00000000c3100000| Untracked 
|1074|0x00000000c3200000, 0x00000000c3200000, 0x00000000c3300000|  0%| F|  |TAMS 0x00000000c3200000, 0x00000000c3200000| Untracked 
|1075|0x00000000c3300000, 0x00000000c3300000, 0x00000000c3400000|  0%| F|  |TAMS 0x00000000c3300000, 0x00000000c3300000| Untracked 
|1076|0x00000000c3400000, 0x00000000c3400000, 0x00000000c3500000|  0%| F|  |TAMS 0x00000000c3400000, 0x00000000c3400000| Untracked 
|1077|0x00000000c3500000, 0x00000000c3500000, 0x00000000c3600000|  0%| F|  |TAMS 0x00000000c3500000, 0x00000000c3500000| Untracked 
|1078|0x00000000c3600000, 0x00000000c3600000, 0x00000000c3700000|  0%| F|  |TAMS 0x00000000c3600000, 0x00000000c3600000| Untracked 
|1079|0x00000000c3700000, 0x00000000c3700000, 0x00000000c3800000|  0%| F|  |TAMS 0x00000000c3700000, 0x00000000c3700000| Untracked 
|1080|0x00000000c3800000, 0x00000000c3800000, 0x00000000c3900000|  0%| F|  |TAMS 0x00000000c3800000, 0x00000000c3800000| Untracked 
|1081|0x00000000c3900000, 0x00000000c3900000, 0x00000000c3a00000|  0%| F|  |TAMS 0x00000000c3900000, 0x00000000c3900000| Untracked 
|1082|0x00000000c3a00000, 0x00000000c3a00000, 0x00000000c3b00000|  0%| F|  |TAMS 0x00000000c3a00000, 0x00000000c3a00000| Untracked 
|1083|0x00000000c3b00000, 0x00000000c3b00000, 0x00000000c3c00000|  0%| F|  |TAMS 0x00000000c3b00000, 0x00000000c3b00000| Untracked 
|1084|0x00000000c3c00000, 0x00000000c3c00000, 0x00000000c3d00000|  0%| F|  |TAMS 0x00000000c3c00000, 0x00000000c3c00000| Untracked 
|1085|0x00000000c3d00000, 0x00000000c3d00000, 0x00000000c3e00000|  0%| F|  |TAMS 0x00000000c3d00000, 0x00000000c3d00000| Untracked 
|1086|0x00000000c3e00000, 0x00000000c3e00000, 0x00000000c3f00000|  0%| F|  |TAMS 0x00000000c3e00000, 0x00000000c3e00000| Untracked 
|1087|0x00000000c3f00000, 0x00000000c3f00000, 0x00000000c4000000|  0%| F|  |TAMS 0x00000000c3f00000, 0x00000000c3f00000| Untracked 
|1088|0x00000000c4000000, 0x00000000c4000000, 0x00000000c4100000|  0%| F|  |TAMS 0x00000000c4000000, 0x00000000c4000000| Untracked 
|1089|0x00000000c4100000, 0x00000000c4100000, 0x00000000c4200000|  0%| F|  |TAMS 0x00000000c4100000, 0x00000000c4100000| Untracked 
|1090|0x00000000c4200000, 0x00000000c4200000, 0x00000000c4300000|  0%| F|  |TAMS 0x00000000c4200000, 0x00000000c4200000| Untracked 
|1091|0x00000000c4300000, 0x00000000c4300000, 0x00000000c4400000|  0%| F|  |TAMS 0x00000000c4300000, 0x00000000c4300000| Untracked 
|1092|0x00000000c4400000, 0x00000000c4400000, 0x00000000c4500000|  0%| F|  |TAMS 0x00000000c4400000, 0x00000000c4400000| Untracked 
|1093|0x00000000c4500000, 0x00000000c4500000, 0x00000000c4600000|  0%| F|  |TAMS 0x00000000c4500000, 0x00000000c4500000| Untracked 
|1094|0x00000000c4600000, 0x00000000c4600000, 0x00000000c4700000|  0%| F|  |TAMS 0x00000000c4600000, 0x00000000c4600000| Untracked 
|1095|0x00000000c4700000, 0x00000000c4700000, 0x00000000c4800000|  0%| F|  |TAMS 0x00000000c4700000, 0x00000000c4700000| Untracked 
|1096|0x00000000c4800000, 0x00000000c4800000, 0x00000000c4900000|  0%| F|  |TAMS 0x00000000c4800000, 0x00000000c4800000| Untracked 
|1097|0x00000000c4900000, 0x00000000c4900000, 0x00000000c4a00000|  0%| F|  |TAMS 0x00000000c4900000, 0x00000000c4900000| Untracked 
|1098|0x00000000c4a00000, 0x00000000c4a00000, 0x00000000c4b00000|  0%| F|  |TAMS 0x00000000c4a00000, 0x00000000c4a00000| Untracked 
|1099|0x00000000c4b00000, 0x00000000c4b00000, 0x00000000c4c00000|  0%| F|  |TAMS 0x00000000c4b00000, 0x00000000c4b00000| Untracked 
|1100|0x00000000c4c00000, 0x00000000c4c00000, 0x00000000c4d00000|  0%| F|  |TAMS 0x00000000c4c00000, 0x00000000c4c00000| Untracked 
|1101|0x00000000c4d00000, 0x00000000c4d00000, 0x00000000c4e00000|  0%| F|  |TAMS 0x00000000c4d00000, 0x00000000c4d00000| Untracked 
|1102|0x00000000c4e00000, 0x00000000c4e00000, 0x00000000c4f00000|  0%| F|  |TAMS 0x00000000c4e00000, 0x00000000c4e00000| Untracked 
|1103|0x00000000c4f00000, 0x00000000c4f00000, 0x00000000c5000000|  0%| F|  |TAMS 0x00000000c4f00000, 0x00000000c4f00000| Untracked 
|1104|0x00000000c5000000, 0x00000000c5000000, 0x00000000c5100000|  0%| F|  |TAMS 0x00000000c5000000, 0x00000000c5000000| Untracked 
|1105|0x00000000c5100000, 0x00000000c5100000, 0x00000000c5200000|  0%| F|  |TAMS 0x00000000c5100000, 0x00000000c5100000| Untracked 
|1106|0x00000000c5200000, 0x00000000c5200000, 0x00000000c5300000|  0%| F|  |TAMS 0x00000000c5200000, 0x00000000c5200000| Untracked 
|1107|0x00000000c5300000, 0x00000000c5300000, 0x00000000c5400000|  0%| F|  |TAMS 0x00000000c5300000, 0x00000000c5300000| Untracked 
|1108|0x00000000c5400000, 0x00000000c5400000, 0x00000000c5500000|  0%| F|  |TAMS 0x00000000c5400000, 0x00000000c5400000| Untracked 
|1109|0x00000000c5500000, 0x00000000c5500000, 0x00000000c5600000|  0%| F|  |TAMS 0x00000000c5500000, 0x00000000c5500000| Untracked 
|1110|0x00000000c5600000, 0x00000000c5600000, 0x00000000c5700000|  0%| F|  |TAMS 0x00000000c5600000, 0x00000000c5600000| Untracked 
|1111|0x00000000c5700000, 0x00000000c5700000, 0x00000000c5800000|  0%| F|  |TAMS 0x00000000c5700000, 0x00000000c5700000| Untracked 
|1112|0x00000000c5800000, 0x00000000c5800000, 0x00000000c5900000|  0%| F|  |TAMS 0x00000000c5800000, 0x00000000c5800000| Untracked 
|1113|0x00000000c5900000, 0x00000000c5900000, 0x00000000c5a00000|  0%| F|  |TAMS 0x00000000c5900000, 0x00000000c5900000| Untracked 
|1114|0x00000000c5a00000, 0x00000000c5a00000, 0x00000000c5b00000|  0%| F|  |TAMS 0x00000000c5a00000, 0x00000000c5a00000| Untracked 
|1115|0x00000000c5b00000, 0x00000000c5b00000, 0x00000000c5c00000|  0%| F|  |TAMS 0x00000000c5b00000, 0x00000000c5b00000| Untracked 
|1116|0x00000000c5c00000, 0x00000000c5c00000, 0x00000000c5d00000|  0%| F|  |TAMS 0x00000000c5c00000, 0x00000000c5c00000| Untracked 
|1117|0x00000000c5d00000, 0x00000000c5d00000, 0x00000000c5e00000|  0%| F|  |TAMS 0x00000000c5d00000, 0x00000000c5d00000| Untracked 
|1118|0x00000000c5e00000, 0x00000000c5e00000, 0x00000000c5f00000|  0%| F|  |TAMS 0x00000000c5e00000, 0x00000000c5e00000| Untracked 
|1119|0x00000000c5f00000, 0x00000000c5f00000, 0x00000000c6000000|  0%| F|  |TAMS 0x00000000c5f00000, 0x00000000c5f00000| Untracked 
|1120|0x00000000c6000000, 0x00000000c6000000, 0x00000000c6100000|  0%| F|  |TAMS 0x00000000c6000000, 0x00000000c6000000| Untracked 
|1121|0x00000000c6100000, 0x00000000c6100000, 0x00000000c6200000|  0%| F|  |TAMS 0x00000000c6100000, 0x00000000c6100000| Untracked 
|1122|0x00000000c6200000, 0x00000000c6200000, 0x00000000c6300000|  0%| F|  |TAMS 0x00000000c6200000, 0x00000000c6200000| Untracked 
|1123|0x00000000c6300000, 0x00000000c6300000, 0x00000000c6400000|  0%| F|  |TAMS 0x00000000c6300000, 0x00000000c6300000| Untracked 
|1124|0x00000000c6400000, 0x00000000c6400000, 0x00000000c6500000|  0%| F|  |TAMS 0x00000000c6400000, 0x00000000c6400000| Untracked 
|1125|0x00000000c6500000, 0x00000000c6500000, 0x00000000c6600000|  0%| F|  |TAMS 0x00000000c6500000, 0x00000000c6500000| Untracked 
|1126|0x00000000c6600000, 0x00000000c6600000, 0x00000000c6700000|  0%| F|  |TAMS 0x00000000c6600000, 0x00000000c6600000| Untracked 
|1127|0x00000000c6700000, 0x00000000c6700000, 0x00000000c6800000|  0%| F|  |TAMS 0x00000000c6700000, 0x00000000c6700000| Untracked 
|1128|0x00000000c6800000, 0x00000000c6800000, 0x00000000c6900000|  0%| F|  |TAMS 0x00000000c6800000, 0x00000000c6800000| Untracked 
|1129|0x00000000c6900000, 0x00000000c6900000, 0x00000000c6a00000|  0%| F|  |TAMS 0x00000000c6900000, 0x00000000c6900000| Untracked 
|1130|0x00000000c6a00000, 0x00000000c6a00000, 0x00000000c6b00000|  0%| F|  |TAMS 0x00000000c6a00000, 0x00000000c6a00000| Untracked 
|1131|0x00000000c6b00000, 0x00000000c6b00000, 0x00000000c6c00000|  0%| F|  |TAMS 0x00000000c6b00000, 0x00000000c6b00000| Untracked 
|1132|0x00000000c6c00000, 0x00000000c6c00000, 0x00000000c6d00000|  0%| F|  |TAMS 0x00000000c6c00000, 0x00000000c6c00000| Untracked 
|1133|0x00000000c6d00000, 0x00000000c6d00000, 0x00000000c6e00000|  0%| F|  |TAMS 0x00000000c6d00000, 0x00000000c6d00000| Untracked 
|1134|0x00000000c6e00000, 0x00000000c6e00000, 0x00000000c6f00000|  0%| F|  |TAMS 0x00000000c6e00000, 0x00000000c6e00000| Untracked 
|1135|0x00000000c6f00000, 0x00000000c6f00000, 0x00000000c7000000|  0%| F|  |TAMS 0x00000000c6f00000, 0x00000000c6f00000| Untracked 
|1136|0x00000000c7000000, 0x00000000c7000000, 0x00000000c7100000|  0%| F|  |TAMS 0x00000000c7000000, 0x00000000c7000000| Untracked 
|1137|0x00000000c7100000, 0x00000000c7100000, 0x00000000c7200000|  0%| F|  |TAMS 0x00000000c7100000, 0x00000000c7100000| Untracked 
|1138|0x00000000c7200000, 0x00000000c7200000, 0x00000000c7300000|  0%| F|  |TAMS 0x00000000c7200000, 0x00000000c7200000| Untracked 
|1139|0x00000000c7300000, 0x00000000c7300000, 0x00000000c7400000|  0%| F|  |TAMS 0x00000000c7300000, 0x00000000c7300000| Untracked 
|1140|0x00000000c7400000, 0x00000000c7400000, 0x00000000c7500000|  0%| F|  |TAMS 0x00000000c7400000, 0x00000000c7400000| Untracked 
|1141|0x00000000c7500000, 0x00000000c7500000, 0x00000000c7600000|  0%| F|  |TAMS 0x00000000c7500000, 0x00000000c7500000| Untracked 
|1142|0x00000000c7600000, 0x00000000c7600000, 0x00000000c7700000|  0%| F|  |TAMS 0x00000000c7600000, 0x00000000c7600000| Untracked 
|1143|0x00000000c7700000, 0x00000000c7700000, 0x00000000c7800000|  0%| F|  |TAMS 0x00000000c7700000, 0x00000000c7700000| Untracked 
|1144|0x00000000c7800000, 0x00000000c7800000, 0x00000000c7900000|  0%| F|  |TAMS 0x00000000c7800000, 0x00000000c7800000| Untracked 
|1145|0x00000000c7900000, 0x00000000c7900000, 0x00000000c7a00000|  0%| F|  |TAMS 0x00000000c7900000, 0x00000000c7900000| Untracked 
|1146|0x00000000c7a00000, 0x00000000c7a00000, 0x00000000c7b00000|  0%| F|  |TAMS 0x00000000c7a00000, 0x00000000c7a00000| Untracked 
|1147|0x00000000c7b00000, 0x00000000c7b00000, 0x00000000c7c00000|  0%| F|  |TAMS 0x00000000c7b00000, 0x00000000c7b00000| Untracked 
|1148|0x00000000c7c00000, 0x00000000c7c00000, 0x00000000c7d00000|  0%| F|  |TAMS 0x00000000c7c00000, 0x00000000c7c00000| Untracked 
|1149|0x00000000c7d00000, 0x00000000c7d00000, 0x00000000c7e00000|  0%| F|  |TAMS 0x00000000c7d00000, 0x00000000c7d00000| Untracked 
|1150|0x00000000c7e00000, 0x00000000c7e00000, 0x00000000c7f00000|  0%| F|  |TAMS 0x00000000c7e00000, 0x00000000c7e00000| Untracked 
|1151|0x00000000c7f00000, 0x00000000c7f00000, 0x00000000c8000000|  0%| F|  |TAMS 0x00000000c7f00000, 0x00000000c7f00000| Untracked 
|1152|0x00000000c8000000, 0x00000000c8000000, 0x00000000c8100000|  0%| F|  |TAMS 0x00000000c8000000, 0x00000000c8000000| Untracked 
|1153|0x00000000c8100000, 0x00000000c8100000, 0x00000000c8200000|  0%| F|  |TAMS 0x00000000c8100000, 0x00000000c8100000| Untracked 
|1154|0x00000000c8200000, 0x00000000c8200000, 0x00000000c8300000|  0%| F|  |TAMS 0x00000000c8200000, 0x00000000c8200000| Untracked 
|1155|0x00000000c8300000, 0x00000000c8300000, 0x00000000c8400000|  0%| F|  |TAMS 0x00000000c8300000, 0x00000000c8300000| Untracked 
|1156|0x00000000c8400000, 0x00000000c8400000, 0x00000000c8500000|  0%| F|  |TAMS 0x00000000c8400000, 0x00000000c8400000| Untracked 
|1157|0x00000000c8500000, 0x00000000c8500000, 0x00000000c8600000|  0%| F|  |TAMS 0x00000000c8500000, 0x00000000c8500000| Untracked 
|1158|0x00000000c8600000, 0x00000000c8600000, 0x00000000c8700000|  0%| F|  |TAMS 0x00000000c8600000, 0x00000000c8600000| Untracked 
|1159|0x00000000c8700000, 0x00000000c8700000, 0x00000000c8800000|  0%| F|  |TAMS 0x00000000c8700000, 0x00000000c8700000| Untracked 
|1160|0x00000000c8800000, 0x00000000c8800000, 0x00000000c8900000|  0%| F|  |TAMS 0x00000000c8800000, 0x00000000c8800000| Untracked 
|1161|0x00000000c8900000, 0x00000000c8900000, 0x00000000c8a00000|  0%| F|  |TAMS 0x00000000c8900000, 0x00000000c8900000| Untracked 
|1162|0x00000000c8a00000, 0x00000000c8a00000, 0x00000000c8b00000|  0%| F|  |TAMS 0x00000000c8a00000, 0x00000000c8a00000| Untracked 
|1163|0x00000000c8b00000, 0x00000000c8b00000, 0x00000000c8c00000|  0%| F|  |TAMS 0x00000000c8b00000, 0x00000000c8b00000| Untracked 
|1164|0x00000000c8c00000, 0x00000000c8c00000, 0x00000000c8d00000|  0%| F|  |TAMS 0x00000000c8c00000, 0x00000000c8c00000| Untracked 
|1165|0x00000000c8d00000, 0x00000000c8d00000, 0x00000000c8e00000|  0%| F|  |TAMS 0x00000000c8d00000, 0x00000000c8d00000| Untracked 
|1166|0x00000000c8e00000, 0x00000000c8e00000, 0x00000000c8f00000|  0%| F|  |TAMS 0x00000000c8e00000, 0x00000000c8e00000| Untracked 
|1167|0x00000000c8f00000, 0x00000000c8f00000, 0x00000000c9000000|  0%| F|  |TAMS 0x00000000c8f00000, 0x00000000c8f00000| Untracked 
|1168|0x00000000c9000000, 0x00000000c9000000, 0x00000000c9100000|  0%| F|  |TAMS 0x00000000c9000000, 0x00000000c9000000| Untracked 
|1169|0x00000000c9100000, 0x00000000c9100000, 0x00000000c9200000|  0%| F|  |TAMS 0x00000000c9100000, 0x00000000c9100000| Untracked 
|1170|0x00000000c9200000, 0x00000000c9200000, 0x00000000c9300000|  0%| F|  |TAMS 0x00000000c9200000, 0x00000000c9200000| Untracked 
|1171|0x00000000c9300000, 0x00000000c9300000, 0x00000000c9400000|  0%| F|  |TAMS 0x00000000c9300000, 0x00000000c9300000| Untracked 
|1172|0x00000000c9400000, 0x00000000c9400000, 0x00000000c9500000|  0%| F|  |TAMS 0x00000000c9400000, 0x00000000c9400000| Untracked 
|1173|0x00000000c9500000, 0x00000000c9500000, 0x00000000c9600000|  0%| F|  |TAMS 0x00000000c9500000, 0x00000000c9500000| Untracked 
|1174|0x00000000c9600000, 0x00000000c9600000, 0x00000000c9700000|  0%| F|  |TAMS 0x00000000c9600000, 0x00000000c9600000| Untracked 
|1175|0x00000000c9700000, 0x00000000c9700000, 0x00000000c9800000|  0%| F|  |TAMS 0x00000000c9700000, 0x00000000c9700000| Untracked 
|1176|0x00000000c9800000, 0x00000000c9800000, 0x00000000c9900000|  0%| F|  |TAMS 0x00000000c9800000, 0x00000000c9800000| Untracked 
|1177|0x00000000c9900000, 0x00000000c9900000, 0x00000000c9a00000|  0%| F|  |TAMS 0x00000000c9900000, 0x00000000c9900000| Untracked 
|1178|0x00000000c9a00000, 0x00000000c9a00000, 0x00000000c9b00000|  0%| F|  |TAMS 0x00000000c9a00000, 0x00000000c9a00000| Untracked 
|1179|0x00000000c9b00000, 0x00000000c9b00000, 0x00000000c9c00000|  0%| F|  |TAMS 0x00000000c9b00000, 0x00000000c9b00000| Untracked 
|1180|0x00000000c9c00000, 0x00000000c9c00000, 0x00000000c9d00000|  0%| F|  |TAMS 0x00000000c9c00000, 0x00000000c9c00000| Untracked 
|1181|0x00000000c9d00000, 0x00000000c9d00000, 0x00000000c9e00000|  0%| F|  |TAMS 0x00000000c9d00000, 0x00000000c9d00000| Untracked 
|1182|0x00000000c9e00000, 0x00000000c9e00000, 0x00000000c9f00000|  0%| F|  |TAMS 0x00000000c9e00000, 0x00000000c9e00000| Untracked 
|1183|0x00000000c9f00000, 0x00000000c9f00000, 0x00000000ca000000|  0%| F|  |TAMS 0x00000000c9f00000, 0x00000000c9f00000| Untracked 
|1184|0x00000000ca000000, 0x00000000ca000000, 0x00000000ca100000|  0%| F|  |TAMS 0x00000000ca000000, 0x00000000ca000000| Untracked 
|1185|0x00000000ca100000, 0x00000000ca100000, 0x00000000ca200000|  0%| F|  |TAMS 0x00000000ca100000, 0x00000000ca100000| Untracked 
|1186|0x00000000ca200000, 0x00000000ca200000, 0x00000000ca300000|  0%| F|  |TAMS 0x00000000ca200000, 0x00000000ca200000| Untracked 
|1187|0x00000000ca300000, 0x00000000ca300000, 0x00000000ca400000|  0%| F|  |TAMS 0x00000000ca300000, 0x00000000ca300000| Untracked 
|1188|0x00000000ca400000, 0x00000000ca400000, 0x00000000ca500000|  0%| F|  |TAMS 0x00000000ca400000, 0x00000000ca400000| Untracked 
|1189|0x00000000ca500000, 0x00000000ca500000, 0x00000000ca600000|  0%| F|  |TAMS 0x00000000ca500000, 0x00000000ca500000| Untracked 
|1190|0x00000000ca600000, 0x00000000ca600000, 0x00000000ca700000|  0%| F|  |TAMS 0x00000000ca600000, 0x00000000ca600000| Untracked 
|1191|0x00000000ca700000, 0x00000000ca700000, 0x00000000ca800000|  0%| F|  |TAMS 0x00000000ca700000, 0x00000000ca700000| Untracked 
|1192|0x00000000ca800000, 0x00000000ca800000, 0x00000000ca900000|  0%| F|  |TAMS 0x00000000ca800000, 0x00000000ca800000| Untracked 
|1193|0x00000000ca900000, 0x00000000ca900000, 0x00000000caa00000|  0%| F|  |TAMS 0x00000000ca900000, 0x00000000ca900000| Untracked 
|1194|0x00000000caa00000, 0x00000000caa00000, 0x00000000cab00000|  0%| F|  |TAMS 0x00000000caa00000, 0x00000000caa00000| Untracked 
|1195|0x00000000cab00000, 0x00000000cab00000, 0x00000000cac00000|  0%| F|  |TAMS 0x00000000cab00000, 0x00000000cab00000| Untracked 
|1196|0x00000000cac00000, 0x00000000cac00000, 0x00000000cad00000|  0%| F|  |TAMS 0x00000000cac00000, 0x00000000cac00000| Untracked 
|1197|0x00000000cad00000, 0x00000000cad00000, 0x00000000cae00000|  0%| F|  |TAMS 0x00000000cad00000, 0x00000000cad00000| Untracked 
|1198|0x00000000cae00000, 0x00000000cae00000, 0x00000000caf00000|  0%| F|  |TAMS 0x00000000cae00000, 0x00000000cae00000| Untracked 
|1199|0x00000000caf00000, 0x00000000caf00000, 0x00000000cb000000|  0%| F|  |TAMS 0x00000000caf00000, 0x00000000caf00000| Untracked 
|1200|0x00000000cb000000, 0x00000000cb000000, 0x00000000cb100000|  0%| F|  |TAMS 0x00000000cb000000, 0x00000000cb000000| Untracked 
|1201|0x00000000cb100000, 0x00000000cb100000, 0x00000000cb200000|  0%| F|  |TAMS 0x00000000cb100000, 0x00000000cb100000| Untracked 
|1202|0x00000000cb200000, 0x00000000cb200000, 0x00000000cb300000|  0%| F|  |TAMS 0x00000000cb200000, 0x00000000cb200000| Untracked 
|1203|0x00000000cb300000, 0x00000000cb300000, 0x00000000cb400000|  0%| F|  |TAMS 0x00000000cb300000, 0x00000000cb300000| Untracked 
|1204|0x00000000cb400000, 0x00000000cb400000, 0x00000000cb500000|  0%| F|  |TAMS 0x00000000cb400000, 0x00000000cb400000| Untracked 
|1205|0x00000000cb500000, 0x00000000cb500000, 0x00000000cb600000|  0%| F|  |TAMS 0x00000000cb500000, 0x00000000cb500000| Untracked 
|1206|0x00000000cb600000, 0x00000000cb600000, 0x00000000cb700000|  0%| F|  |TAMS 0x00000000cb600000, 0x00000000cb600000| Untracked 
|1207|0x00000000cb700000, 0x00000000cb700000, 0x00000000cb800000|  0%| F|  |TAMS 0x00000000cb700000, 0x00000000cb700000| Untracked 
|1208|0x00000000cb800000, 0x00000000cb800000, 0x00000000cb900000|  0%| F|  |TAMS 0x00000000cb800000, 0x00000000cb800000| Untracked 
|1209|0x00000000cb900000, 0x00000000cb900000, 0x00000000cba00000|  0%| F|  |TAMS 0x00000000cb900000, 0x00000000cb900000| Untracked 
|1210|0x00000000cba00000, 0x00000000cba00000, 0x00000000cbb00000|  0%| F|  |TAMS 0x00000000cba00000, 0x00000000cba00000| Untracked 
|1211|0x00000000cbb00000, 0x00000000cbb00000, 0x00000000cbc00000|  0%| F|  |TAMS 0x00000000cbb00000, 0x00000000cbb00000| Untracked 
|1212|0x00000000cbc00000, 0x00000000cbc00000, 0x00000000cbd00000|  0%| F|  |TAMS 0x00000000cbc00000, 0x00000000cbc00000| Untracked 
|1213|0x00000000cbd00000, 0x00000000cbd00000, 0x00000000cbe00000|  0%| F|  |TAMS 0x00000000cbd00000, 0x00000000cbd00000| Untracked 
|1214|0x00000000cbe00000, 0x00000000cbe00000, 0x00000000cbf00000|  0%| F|  |TAMS 0x00000000cbe00000, 0x00000000cbe00000| Untracked 
|1215|0x00000000cbf00000, 0x00000000cbf00000, 0x00000000cc000000|  0%| F|  |TAMS 0x00000000cbf00000, 0x00000000cbf00000| Untracked 
|1216|0x00000000cc000000, 0x00000000cc000000, 0x00000000cc100000|  0%| F|  |TAMS 0x00000000cc000000, 0x00000000cc000000| Untracked 
|1217|0x00000000cc100000, 0x00000000cc100000, 0x00000000cc200000|  0%| F|  |TAMS 0x00000000cc100000, 0x00000000cc100000| Untracked 
|1218|0x00000000cc200000, 0x00000000cc200000, 0x00000000cc300000|  0%| F|  |TAMS 0x00000000cc200000, 0x00000000cc200000| Untracked 
|1219|0x00000000cc300000, 0x00000000cc300000, 0x00000000cc400000|  0%| F|  |TAMS 0x00000000cc300000, 0x00000000cc300000| Untracked 
|1220|0x00000000cc400000, 0x00000000cc400000, 0x00000000cc500000|  0%| F|  |TAMS 0x00000000cc400000, 0x00000000cc400000| Untracked 
|1221|0x00000000cc500000, 0x00000000cc500000, 0x00000000cc600000|  0%| F|  |TAMS 0x00000000cc500000, 0x00000000cc500000| Untracked 
|1222|0x00000000cc600000, 0x00000000cc600000, 0x00000000cc700000|  0%| F|  |TAMS 0x00000000cc600000, 0x00000000cc600000| Untracked 
|1223|0x00000000cc700000, 0x00000000cc700000, 0x00000000cc800000|  0%| F|  |TAMS 0x00000000cc700000, 0x00000000cc700000| Untracked 
|1224|0x00000000cc800000, 0x00000000cc800000, 0x00000000cc900000|  0%| F|  |TAMS 0x00000000cc800000, 0x00000000cc800000| Untracked 
|1225|0x00000000cc900000, 0x00000000cc900000, 0x00000000cca00000|  0%| F|  |TAMS 0x00000000cc900000, 0x00000000cc900000| Untracked 
|1226|0x00000000cca00000, 0x00000000cca00000, 0x00000000ccb00000|  0%| F|  |TAMS 0x00000000cca00000, 0x00000000cca00000| Untracked 
|1227|0x00000000ccb00000, 0x00000000ccb00000, 0x00000000ccc00000|  0%| F|  |TAMS 0x00000000ccb00000, 0x00000000ccb00000| Untracked 
|1228|0x00000000ccc00000, 0x00000000ccc00000, 0x00000000ccd00000|  0%| F|  |TAMS 0x00000000ccc00000, 0x00000000ccc00000| Untracked 
|1229|0x00000000ccd00000, 0x00000000ccd00000, 0x00000000cce00000|  0%| F|  |TAMS 0x00000000ccd00000, 0x00000000ccd00000| Untracked 
|1230|0x00000000cce00000, 0x00000000cce00000, 0x00000000ccf00000|  0%| F|  |TAMS 0x00000000cce00000, 0x00000000cce00000| Untracked 
|1231|0x00000000ccf00000, 0x00000000ccf00000, 0x00000000cd000000|  0%| F|  |TAMS 0x00000000ccf00000, 0x00000000ccf00000| Untracked 
|1232|0x00000000cd000000, 0x00000000cd000000, 0x00000000cd100000|  0%| F|  |TAMS 0x00000000cd000000, 0x00000000cd000000| Untracked 
|1233|0x00000000cd100000, 0x00000000cd100000, 0x00000000cd200000|  0%| F|  |TAMS 0x00000000cd100000, 0x00000000cd100000| Untracked 
|1234|0x00000000cd200000, 0x00000000cd200000, 0x00000000cd300000|  0%| F|  |TAMS 0x00000000cd200000, 0x00000000cd200000| Untracked 
|1235|0x00000000cd300000, 0x00000000cd300000, 0x00000000cd400000|  0%| F|  |TAMS 0x00000000cd300000, 0x00000000cd300000| Untracked 
|1236|0x00000000cd400000, 0x00000000cd400000, 0x00000000cd500000|  0%| F|  |TAMS 0x00000000cd400000, 0x00000000cd400000| Untracked 
|1237|0x00000000cd500000, 0x00000000cd500000, 0x00000000cd600000|  0%| F|  |TAMS 0x00000000cd500000, 0x00000000cd500000| Untracked 
|1238|0x00000000cd600000, 0x00000000cd600000, 0x00000000cd700000|  0%| F|  |TAMS 0x00000000cd600000, 0x00000000cd600000| Untracked 
|1239|0x00000000cd700000, 0x00000000cd700000, 0x00000000cd800000|  0%| F|  |TAMS 0x00000000cd700000, 0x00000000cd700000| Untracked 
|1240|0x00000000cd800000, 0x00000000cd800000, 0x00000000cd900000|  0%| F|  |TAMS 0x00000000cd800000, 0x00000000cd800000| Untracked 
|1241|0x00000000cd900000, 0x00000000cd900000, 0x00000000cda00000|  0%| F|  |TAMS 0x00000000cd900000, 0x00000000cd900000| Untracked 
|1242|0x00000000cda00000, 0x00000000cda00000, 0x00000000cdb00000|  0%| F|  |TAMS 0x00000000cda00000, 0x00000000cda00000| Untracked 
|1243|0x00000000cdb00000, 0x00000000cdb00000, 0x00000000cdc00000|  0%| F|  |TAMS 0x00000000cdb00000, 0x00000000cdb00000| Untracked 
|1244|0x00000000cdc00000, 0x00000000cdc00000, 0x00000000cdd00000|  0%| F|  |TAMS 0x00000000cdc00000, 0x00000000cdc00000| Untracked 
|1245|0x00000000cdd00000, 0x00000000cdd00000, 0x00000000cde00000|  0%| F|  |TAMS 0x00000000cdd00000, 0x00000000cdd00000| Untracked 
|1246|0x00000000cde00000, 0x00000000cde00000, 0x00000000cdf00000|  0%| F|  |TAMS 0x00000000cde00000, 0x00000000cde00000| Untracked 
|1247|0x00000000cdf00000, 0x00000000cdf00000, 0x00000000ce000000|  0%| F|  |TAMS 0x00000000cdf00000, 0x00000000cdf00000| Untracked 
|1248|0x00000000ce000000, 0x00000000ce000000, 0x00000000ce100000|  0%| F|  |TAMS 0x00000000ce000000, 0x00000000ce000000| Untracked 
|1249|0x00000000ce100000, 0x00000000ce100000, 0x00000000ce200000|  0%| F|  |TAMS 0x00000000ce100000, 0x00000000ce100000| Untracked 
|1250|0x00000000ce200000, 0x00000000ce200000, 0x00000000ce300000|  0%| F|  |TAMS 0x00000000ce200000, 0x00000000ce200000| Untracked 
|1251|0x00000000ce300000, 0x00000000ce300000, 0x00000000ce400000|  0%| F|  |TAMS 0x00000000ce300000, 0x00000000ce300000| Untracked 
|1252|0x00000000ce400000, 0x00000000ce400000, 0x00000000ce500000|  0%| F|  |TAMS 0x00000000ce400000, 0x00000000ce400000| Untracked 
|1253|0x00000000ce500000, 0x00000000ce500000, 0x00000000ce600000|  0%| F|  |TAMS 0x00000000ce500000, 0x00000000ce500000| Untracked 
|1254|0x00000000ce600000, 0x00000000ce600000, 0x00000000ce700000|  0%| F|  |TAMS 0x00000000ce600000, 0x00000000ce600000| Untracked 
|1255|0x00000000ce700000, 0x00000000ce700000, 0x00000000ce800000|  0%| F|  |TAMS 0x00000000ce700000, 0x00000000ce700000| Untracked 
|1256|0x00000000ce800000, 0x00000000ce800000, 0x00000000ce900000|  0%| F|  |TAMS 0x00000000ce800000, 0x00000000ce800000| Untracked 
|1257|0x00000000ce900000, 0x00000000ce900000, 0x00000000cea00000|  0%| F|  |TAMS 0x00000000ce900000, 0x00000000ce900000| Untracked 
|1258|0x00000000cea00000, 0x00000000cea00000, 0x00000000ceb00000|  0%| F|  |TAMS 0x00000000cea00000, 0x00000000cea00000| Untracked 
|1259|0x00000000ceb00000, 0x00000000ceb00000, 0x00000000cec00000|  0%| F|  |TAMS 0x00000000ceb00000, 0x00000000ceb00000| Untracked 
|1260|0x00000000cec00000, 0x00000000cec00000, 0x00000000ced00000|  0%| F|  |TAMS 0x00000000cec00000, 0x00000000cec00000| Untracked 
|1261|0x00000000ced00000, 0x00000000ced00000, 0x00000000cee00000|  0%| F|  |TAMS 0x00000000ced00000, 0x00000000ced00000| Untracked 
|1262|0x00000000cee00000, 0x00000000cee00000, 0x00000000cef00000|  0%| F|  |TAMS 0x00000000cee00000, 0x00000000cee00000| Untracked 
|1263|0x00000000cef00000, 0x00000000cef00000, 0x00000000cf000000|  0%| F|  |TAMS 0x00000000cef00000, 0x00000000cef00000| Untracked 
|1264|0x00000000cf000000, 0x00000000cf000000, 0x00000000cf100000|  0%| F|  |TAMS 0x00000000cf000000, 0x00000000cf000000| Untracked 
|1265|0x00000000cf100000, 0x00000000cf100000, 0x00000000cf200000|  0%| F|  |TAMS 0x00000000cf100000, 0x00000000cf100000| Untracked 
|1266|0x00000000cf200000, 0x00000000cf200000, 0x00000000cf300000|  0%| F|  |TAMS 0x00000000cf200000, 0x00000000cf200000| Untracked 
|1267|0x00000000cf300000, 0x00000000cf300000, 0x00000000cf400000|  0%| F|  |TAMS 0x00000000cf300000, 0x00000000cf300000| Untracked 
|1268|0x00000000cf400000, 0x00000000cf400000, 0x00000000cf500000|  0%| F|  |TAMS 0x00000000cf400000, 0x00000000cf400000| Untracked 
|1269|0x00000000cf500000, 0x00000000cf500000, 0x00000000cf600000|  0%| F|  |TAMS 0x00000000cf500000, 0x00000000cf500000| Untracked 
|1270|0x00000000cf600000, 0x00000000cf600000, 0x00000000cf700000|  0%| F|  |TAMS 0x00000000cf600000, 0x00000000cf600000| Untracked 
|1271|0x00000000cf700000, 0x00000000cf700000, 0x00000000cf800000|  0%| F|  |TAMS 0x00000000cf700000, 0x00000000cf700000| Untracked 
|1272|0x00000000cf800000, 0x00000000cf800000, 0x00000000cf900000|  0%| F|  |TAMS 0x00000000cf800000, 0x00000000cf800000| Untracked 
|1273|0x00000000cf900000, 0x00000000cf900000, 0x00000000cfa00000|  0%| F|  |TAMS 0x00000000cf900000, 0x00000000cf900000| Untracked 
|1274|0x00000000cfa00000, 0x00000000cfa00000, 0x00000000cfb00000|  0%| F|  |TAMS 0x00000000cfa00000, 0x00000000cfa00000| Untracked 
|1275|0x00000000cfb00000, 0x00000000cfb00000, 0x00000000cfc00000|  0%| F|  |TAMS 0x00000000cfb00000, 0x00000000cfb00000| Untracked 
|1276|0x00000000cfc00000, 0x00000000cfc00000, 0x00000000cfd00000|  0%| F|  |TAMS 0x00000000cfc00000, 0x00000000cfc00000| Untracked 
|1277|0x00000000cfd00000, 0x00000000cfd00000, 0x00000000cfe00000|  0%| F|  |TAMS 0x00000000cfd00000, 0x00000000cfd00000| Untracked 
|1278|0x00000000cfe00000, 0x00000000cfe00000, 0x00000000cff00000|  0%| F|  |TAMS 0x00000000cfe00000, 0x00000000cfe00000| Untracked 
|1279|0x00000000cff00000, 0x00000000cff00000, 0x00000000d0000000|  0%| F|  |TAMS 0x00000000cff00000, 0x00000000cff00000| Untracked 
|1280|0x00000000d0000000, 0x00000000d0000000, 0x00000000d0100000|  0%| F|  |TAMS 0x00000000d0000000, 0x00000000d0000000| Untracked 
|1281|0x00000000d0100000, 0x00000000d0100000, 0x00000000d0200000|  0%| F|  |TAMS 0x00000000d0100000, 0x00000000d0100000| Untracked 
|1282|0x00000000d0200000, 0x00000000d0200000, 0x00000000d0300000|  0%| F|  |TAMS 0x00000000d0200000, 0x00000000d0200000| Untracked 
|1283|0x00000000d0300000, 0x00000000d0300000, 0x00000000d0400000|  0%| F|  |TAMS 0x00000000d0300000, 0x00000000d0300000| Untracked 
|1284|0x00000000d0400000, 0x00000000d0400000, 0x00000000d0500000|  0%| F|  |TAMS 0x00000000d0400000, 0x00000000d0400000| Untracked 
|1285|0x00000000d0500000, 0x00000000d0500000, 0x00000000d0600000|  0%| F|  |TAMS 0x00000000d0500000, 0x00000000d0500000| Untracked 
|1286|0x00000000d0600000, 0x00000000d0600000, 0x00000000d0700000|  0%| F|  |TAMS 0x00000000d0600000, 0x00000000d0600000| Untracked 
|1287|0x00000000d0700000, 0x00000000d0700000, 0x00000000d0800000|  0%| F|  |TAMS 0x00000000d0700000, 0x00000000d0700000| Untracked 
|1288|0x00000000d0800000, 0x00000000d0800000, 0x00000000d0900000|  0%| F|  |TAMS 0x00000000d0800000, 0x00000000d0800000| Untracked 
|1289|0x00000000d0900000, 0x00000000d0900000, 0x00000000d0a00000|  0%| F|  |TAMS 0x00000000d0900000, 0x00000000d0900000| Untracked 
|1290|0x00000000d0a00000, 0x00000000d0a00000, 0x00000000d0b00000|  0%| F|  |TAMS 0x00000000d0a00000, 0x00000000d0a00000| Untracked 
|1291|0x00000000d0b00000, 0x00000000d0b00000, 0x00000000d0c00000|  0%| F|  |TAMS 0x00000000d0b00000, 0x00000000d0b00000| Untracked 
|1292|0x00000000d0c00000, 0x00000000d0ccb7a8, 0x00000000d0d00000| 79%| S|CS|TAMS 0x00000000d0c00000, 0x00000000d0c00000| Complete 
|1293|0x00000000d0d00000, 0x00000000d0e00000, 0x00000000d0e00000|100%| S|CS|TAMS 0x00000000d0d00000, 0x00000000d0d00000| Complete 
|1294|0x00000000d0e00000, 0x00000000d0e00000, 0x00000000d0f00000|  0%| F|  |TAMS 0x00000000d0e00000, 0x00000000d0e00000| Untracked 

Card table byte_map: [0x000001eba82a0000,0x000001eba86a0000] _byte_map_base: 0x000001eba7ea0000

Marking Bits (Prev, Next): (CMBitMap*) 0x000001eb90b437a0, (CMBitMap*) 0x000001eb90b43760
 Prev Bits: [0x000001ebaaaa0000, 0x000001ebacaa0000)
 Next Bits: [0x000001eba8aa0000, 0x000001ebaaaa0000)

Polling page: 0x000001eb8ea40000

Metaspace:

Usage:
  Non-class:    176.08 MB used.
      Class:     26.99 MB used.
       Both:    203.07 MB used.

Virtual space:
  Non-class space:      192.00 MB reserved,     178.69 MB ( 93%) committed,  3 nodes.
      Class space:      416.00 MB reserved,      28.62 MB (  7%) committed,  1 nodes.
             Both:      608.00 MB reserved,     207.31 MB ( 34%) committed. 

Chunk freelists:
   Non-Class:  14.64 MB
       Class:  3.75 MB
        Both:  18.39 MB

MaxMetaspaceSize: 512.00 MB
CompressedClassSpaceSize: 416.00 MB
Initial GC threshold: 21.00 MB
Current GC threshold: 345.56 MB
CDS: on
MetaspaceReclaimPolicy: balanced
 - commit_granule_bytes: 65536.
 - commit_granule_words: 8192.
 - virtual_space_node_default_size: 8388608.
 - enlarge_chunks_in_place: 1.
 - new_chunks_are_fully_committed: 0.
 - uncommit_free_chunks: 1.
 - use_allocation_guard: 0.
 - handle_deallocations: 1.


Internal statistics:

num_allocs_failed_limit: 6.
num_arena_births: 4028.
num_arena_deaths: 120.
num_vsnodes_births: 4.
num_vsnodes_deaths: 0.
num_space_committed: 3349.
num_space_uncommitted: 34.
num_chunks_returned_to_freelist: 377.
num_chunks_taken_from_freelist: 14010.
num_chunk_merges: 91.
num_chunk_splits: 8813.
num_chunks_enlarged: 5230.
num_inconsistent_stats: 0.

CodeHeap 'non-profiled nmethods': size=119168Kb used=37636Kb max_used=37636Kb free=81531Kb
 bounds [0x000001eba01a0000, 0x000001eba2670000, 0x000001eba7600000]
CodeHeap 'profiled nmethods': size=119104Kb used=88564Kb max_used=88564Kb free=30539Kb
 bounds [0x000001eb98600000, 0x000001eb9dc80000, 0x000001eb9fa50000]
CodeHeap 'non-nmethods': size=7488Kb used=4349Kb max_used=4410Kb free=3138Kb
 bounds [0x000001eb9fa50000, 0x000001eb9fec0000, 0x000001eba01a0000]
 total_blobs=41873 nmethods=40687 adapters=1091
 compilation: enabled
              stopped_count=0, restarted_count=0
 full_count=0

Compilation events (20 events):
Event: 325.949 Thread 0x000001ebaef5f440 53709       3       com.android.tools.r8.graph.j1$$Lambda$6610/0x000001ebb2b45b70::apply (8 bytes)
Event: 325.949 Thread 0x000001ebde50ddd0 nmethod 53712 0x000001eb9dc73490 code [0x000001eb9dc73620, 0x000001eb9dc73838]
Event: 325.949 Thread 0x000001ebdd21ace0 nmethod 53704 0x000001eb9dc73910 code [0x000001eb9dc73aa0, 0x000001eb9dc73cb8]
Event: 325.949 Thread 0x000001ebde50ddd0 53710       3       com.android.tools.r8.internal.pp0$$Lambda$6624/0x000001ebb2b48428::test (5 bytes)
Event: 325.949 Thread 0x000001ebdd21ace0 53713       3       com.android.tools.r8.graph.j1::m (6 bytes)
Event: 325.949 Thread 0x000001ebaef5f440 nmethod 53709 0x000001eb9dc73d90 code [0x000001eb9dc73f20, 0x000001eb9dc74138]
Event: 325.949 Thread 0x000001ebde50ddd0 nmethod 53710 0x000001eb9dc74210 code [0x000001eb9dc743a0, 0x000001eb9dc74518]
Event: 325.949 Thread 0x000001ebaef5f440 53715       3       com.android.tools.r8.graph.v5::m (6 bytes)
Event: 325.949 Thread 0x000001ebde50ddd0 53717       3       com.android.tools.r8.graph.v5$$Lambda$6595/0x000001ebb2b43698::a (5 bytes)
Event: 325.950 Thread 0x000001ebde50d880 nmethod 53688 0x000001eb9dc74610 code [0x000001eb9dc74ba0, 0x000001eb9dc77fb8]
Event: 325.950 Thread 0x000001ebde50d880 53718       3       com.android.tools.r8.graph.j1::a (85 bytes)
Event: 325.950 Thread 0x000001ebdd21ace0 nmethod 53713 0x000001eb9dc79c10 code [0x000001eb9dc79dc0, 0x000001eb9dc7a038]
Event: 325.950 Thread 0x000001ebaef5f440 nmethod 53715 0x000001eb9dc7a110 code [0x000001eb9dc7a2c0, 0x000001eb9dc7a538]
Event: 325.950 Thread 0x000001ebdd21ace0 53716       3       com.android.tools.r8.graph.i0::w0 (5 bytes)
Event: 325.950 Thread 0x000001ebaef5f440 53719       3       com.android.tools.r8.graph.J0::a (59 bytes)
Event: 325.950 Thread 0x000001ebdd21ace0 nmethod 53716 0x000001eb9dc7a610 code [0x000001eb9dc7a7a0, 0x000001eb9dc7a9b8]
Event: 325.950 Thread 0x000001ebdd21ace0 53720       3       com.android.tools.r8.graph.j1$$Lambda$6622/0x000001ebb2b47c18::a (9 bytes)
Event: 325.950 Thread 0x000001ebdd21ace0 nmethod 53720 0x000001eb9dc7aa90 code [0x000001eb9dc7ac40, 0x000001eb9dc7ae68]
Event: 325.950 Thread 0x000001ebdd21ace0 53721       3       com.android.tools.r8.graph.j1::a (82 bytes)
Event: 325.950 Thread 0x000001ebdd21ace0 nmethod 53721 0x000001eb9dc7af10 code [0x000001eb9dc7b120, 0x000001eb9dc7b848]

GC Heap History (20 events):
Event: 321.596 GC heap after
{Heap after GC invocations=155 (full 0):
 garbage-first heap   total 935936K, used 665702K [0x0000000080000000, 0x0000000100000000)
  region size 1024K, 19 young (19456K), 19 survivors (19456K)
 Metaspace       used 209017K, committed 211840K, reserved 622592K
  class space    used 27661K, committed 28992K, reserved 425984K
}
Event: 321.809 GC heap before
{Heap before GC invocations=155 (full 0):
 garbage-first heap   total 935936K, used 847974K [0x0000000080000000, 0x0000000100000000)
  region size 1024K, 163 young (166912K), 19 survivors (19456K)
 Metaspace       used 210167K, committed 212992K, reserved 622592K
  class space    used 27800K, committed 29120K, reserved 425984K
}
Event: 321.830 GC heap after
{Heap after GC invocations=156 (full 0):
 garbage-first heap   total 935936K, used 698549K [0x0000000080000000, 0x0000000100000000)
  region size 1024K, 21 young (21504K), 21 survivors (21504K)
 Metaspace       used 210167K, committed 212992K, reserved 622592K
  class space    used 27800K, committed 29120K, reserved 425984K
}
Event: 321.978 GC heap before
{Heap before GC invocations=156 (full 0):
 garbage-first heap   total 935936K, used 828597K [0x0000000080000000, 0x0000000100000000)
  region size 1024K, 132 young (135168K), 21 survivors (21504K)
 Metaspace       used 211195K, committed 214016K, reserved 622592K
  class space    used 27879K, committed 29248K, reserved 425984K
}
Event: 321.987 GC heap after
{Heap after GC invocations=157 (full 0):
 garbage-first heap   total 935936K, used 714086K [0x0000000080000000, 0x0000000100000000)
  region size 1024K, 12 young (12288K), 12 survivors (12288K)
 Metaspace       used 211195K, committed 214016K, reserved 622592K
  class space    used 27879K, committed 29248K, reserved 425984K
}
Event: 322.110 GC heap before
{Heap before GC invocations=157 (full 0):
 garbage-first heap   total 935936K, used 814438K [0x0000000080000000, 0x0000000100000000)
  region size 1024K, 109 young (111616K), 12 survivors (12288K)
 Metaspace       used 211457K, committed 214272K, reserved 622592K
  class space    used 27925K, committed 29248K, reserved 425984K
}
Event: 322.120 GC heap after
{Heap after GC invocations=158 (full 0):
 garbage-first heap   total 935936K, used 723036K [0x0000000080000000, 0x0000000100000000)
  region size 1024K, 9 young (9216K), 9 survivors (9216K)
 Metaspace       used 211457K, committed 214272K, reserved 622592K
  class space    used 27925K, committed 29248K, reserved 425984K
}
Event: 322.267 GC heap before
{Heap before GC invocations=158 (full 0):
 garbage-first heap   total 935936K, used 813148K [0x0000000080000000, 0x0000000100000000)
  region size 1024K, 98 young (100352K), 9 survivors (9216K)
 Metaspace       used 211520K, committed 214400K, reserved 622592K
  class space    used 27937K, committed 29312K, reserved 425984K
}
Event: 322.276 GC heap after
{Heap after GC invocations=159 (full 0):
 garbage-first heap   total 935936K, used 731879K [0x0000000080000000, 0x0000000100000000)
  region size 1024K, 9 young (9216K), 9 survivors (9216K)
 Metaspace       used 211520K, committed 214400K, reserved 622592K
  class space    used 27937K, committed 29312K, reserved 425984K
}
Event: 322.376 GC heap before
{Heap before GC invocations=159 (full 0):
 garbage-first heap   total 935936K, used 780007K [0x0000000080000000, 0x0000000100000000)
  region size 1024K, 57 young (58368K), 9 survivors (9216K)
 Metaspace       used 211521K, committed 214400K, reserved 622592K
  class space    used 27937K, committed 29312K, reserved 425984K
}
Event: 322.385 GC heap after
{Heap after GC invocations=160 (full 0):
 garbage-first heap   total 935936K, used 736837K [0x0000000080000000, 0x0000000100000000)
  region size 1024K, 6 young (6144K), 6 survivors (6144K)
 Metaspace       used 211521K, committed 214400K, reserved 622592K
  class space    used 27937K, committed 29312K, reserved 425984K
}
Event: 322.607 GC heap before
{Heap before GC invocations=160 (full 0):
 garbage-first heap   total 935936K, used 819781K [0x0000000080000000, 0x0000000100000000)
  region size 1024K, 86 young (88064K), 6 survivors (6144K)
 Metaspace       used 211524K, committed 214400K, reserved 622592K
  class space    used 27937K, committed 29312K, reserved 425984K
}
Event: 322.613 GC heap after
{Heap after GC invocations=161 (full 0):
 garbage-first heap   total 935936K, used 742328K [0x0000000080000000, 0x0000000100000000)
  region size 1024K, 9 young (9216K), 9 survivors (9216K)
 Metaspace       used 211524K, committed 214400K, reserved 622592K
  class space    used 27937K, committed 29312K, reserved 425984K
}
Event: 322.817 GC heap before
{Heap before GC invocations=161 (full 0):
 garbage-first heap   total 935936K, used 823224K [0x0000000080000000, 0x0000000100000000)
  region size 1024K, 87 young (89088K), 9 survivors (9216K)
 Metaspace       used 211528K, committed 214400K, reserved 622592K
  class space    used 27937K, committed 29312K, reserved 425984K
}
Event: 322.826 GC heap after
{Heap after GC invocations=162 (full 0):
 garbage-first heap   total 935936K, used 751254K [0x0000000080000000, 0x0000000100000000)
  region size 1024K, 11 young (11264K), 11 survivors (11264K)
 Metaspace       used 211528K, committed 214400K, reserved 622592K
  class space    used 27937K, committed 29312K, reserved 425984K
}
Event: 322.963 GC heap before
{Heap before GC invocations=162 (full 0):
 garbage-first heap   total 935936K, used 821910K [0x0000000080000000, 0x0000000100000000)
  region size 1024K, 80 young (81920K), 11 survivors (11264K)
 Metaspace       used 211528K, committed 214400K, reserved 622592K
  class space    used 27937K, committed 29312K, reserved 425984K
}
Event: 322.971 GC heap after
{Heap after GC invocations=163 (full 0):
 garbage-first heap   total 935936K, used 757391K [0x0000000080000000, 0x0000000100000000)
  region size 1024K, 6 young (6144K), 6 survivors (6144K)
 Metaspace       used 211528K, committed 214400K, reserved 622592K
  class space    used 27937K, committed 29312K, reserved 425984K
}
Event: 323.138 GC heap before
{Heap before GC invocations=163 (full 0):
 garbage-first heap   total 935936K, used 822927K [0x0000000080000000, 0x0000000100000000)
  region size 1024K, 71 young (72704K), 6 survivors (6144K)
 Metaspace       used 211621K, committed 214464K, reserved 622592K
  class space    used 27951K, committed 29312K, reserved 425984K
}
Event: 323.148 GC heap after
{Heap after GC invocations=164 (full 0):
 garbage-first heap   total 935936K, used 762275K [0x0000000080000000, 0x0000000100000000)
  region size 1024K, 9 young (9216K), 9 survivors (9216K)
 Metaspace       used 211621K, committed 214464K, reserved 622592K
  class space    used 27951K, committed 29312K, reserved 425984K
}
Event: 325.951 GC heap before
{Heap before GC invocations=164 (full 0):
 garbage-first heap   total 1326080K, used 795043K [0x0000000080000000, 0x0000000100000000)
  region size 1024K, 64 young (65536K), 9 survivors (9216K)
 Metaspace       used 207939K, committed 212288K, reserved 622592K
  class space    used 27635K, committed 29312K, reserved 425984K
}

Dll operation events (17 events):
Event: 0.011 Loaded shared library C:\Users\ASUS\AppData\Local\Programs\Eclipse Adoptium\jdk-17.0.11.9-hotspot\bin\java.dll
Event: 0.025 Loaded shared library C:\Users\ASUS\AppData\Local\Programs\Eclipse Adoptium\jdk-17.0.11.9-hotspot\bin\jsvml.dll
Event: 0.068 Loaded shared library C:\Users\ASUS\AppData\Local\Programs\Eclipse Adoptium\jdk-17.0.11.9-hotspot\bin\zip.dll
Event: 0.071 Loaded shared library C:\Users\ASUS\AppData\Local\Programs\Eclipse Adoptium\jdk-17.0.11.9-hotspot\bin\instrument.dll
Event: 0.076 Loaded shared library C:\Users\ASUS\AppData\Local\Programs\Eclipse Adoptium\jdk-17.0.11.9-hotspot\bin\net.dll
Event: 0.077 Loaded shared library C:\Users\ASUS\AppData\Local\Programs\Eclipse Adoptium\jdk-17.0.11.9-hotspot\bin\nio.dll
Event: 0.080 Loaded shared library C:\Users\ASUS\AppData\Local\Programs\Eclipse Adoptium\jdk-17.0.11.9-hotspot\bin\zip.dll
Event: 0.297 Loaded shared library C:\Users\ASUS\AppData\Local\Programs\Eclipse Adoptium\jdk-17.0.11.9-hotspot\bin\jimage.dll
Event: 0.415 Loaded shared library C:\Users\ASUS\AppData\Local\Programs\Eclipse Adoptium\jdk-17.0.11.9-hotspot\bin\verify.dll
Event: 0.494 Loaded shared library C:\Users\ASUS\.gradle\native\1def1411415f61bf3af743bc5b6707747c0891f09f0c88961ee8f79bc544acac\windows-amd64\native-platform.dll
Event: 0.678 Loaded shared library C:\Users\ASUS\.gradle\native\0.2.7\x86_64-windows-gnu\gradle-fileevents.dll
Event: 1.626 Loaded shared library C:\Users\ASUS\AppData\Local\Programs\Eclipse Adoptium\jdk-17.0.11.9-hotspot\bin\management.dll
Event: 1.629 Loaded shared library C:\Users\ASUS\AppData\Local\Programs\Eclipse Adoptium\jdk-17.0.11.9-hotspot\bin\management_ext.dll
Event: 2.250 Loaded shared library C:\Users\ASUS\AppData\Local\Programs\Eclipse Adoptium\jdk-17.0.11.9-hotspot\bin\extnet.dll
Event: 2.590 Loaded shared library C:\Users\ASUS\AppData\Local\Programs\Eclipse Adoptium\jdk-17.0.11.9-hotspot\bin\sunmscapi.dll
Event: 22.155 Loaded shared library C:\Users\ASUS\AppData\Local\Temp\native-platform10201699750218931568dir\native-platform.dll
Event: 22.957 Loaded shared library C:\Users\ASUS\AppData\Local\Programs\Eclipse Adoptium\jdk-17.0.11.9-hotspot\bin\rmi.dll

Deoptimization events (20 events):
Event: 322.973 Thread 0x000001ebd52341a0 Uncommon trap: trap_request=0xffffff6e fr.pc=0x000001eba23f7450 relative=0x0000000000000b50
Event: 322.974 Thread 0x000001ebd52341a0 Uncommon trap: reason=loop_limit_check action=maybe_recompile pc=0x000001eba23f7450 method=com.android.tools.r8.graph.j0.a(Lcom/android/tools/r8/internal/eG;Lcom/android/tools/r8/internal/eG;)Z @ 65 c2
Event: 322.974 Thread 0x000001ebd52341a0 DEOPT PACKING pc=0x000001eba23f7450 sp=0x0000002bc2bf8530
Event: 322.974 Thread 0x000001ebd52341a0 DEOPT UNPACKING pc=0x000001eb9faa69a3 sp=0x0000002bc2bf8510 mode 2
Event: 323.031 Thread 0x000001ebd6d05c60 DEOPT PACKING pc=0x000001eb9daf66a9 sp=0x0000002bc21f8d40
Event: 323.031 Thread 0x000001ebd6d05c60 DEOPT UNPACKING pc=0x000001eb9faa7143 sp=0x0000002bc21f8648 mode 0
Event: 323.037 Thread 0x000001ebd52341a0 Uncommon trap: trap_request=0xffffff45 fr.pc=0x000001eba23bfa58 relative=0x0000000000000218
Event: 323.037 Thread 0x000001ebd52341a0 Uncommon trap: reason=unstable_if action=reinterpret pc=0x000001eba23bfa58 method=com.android.tools.r8.internal.mG.contains(Ljava/lang/Object;)Z @ 144 c2
Event: 323.037 Thread 0x000001ebd52341a0 DEOPT PACKING pc=0x000001eba23bfa58 sp=0x0000002bc2bf81c0
Event: 323.037 Thread 0x000001ebd52341a0 DEOPT UNPACKING pc=0x000001eb9faa69a3 sp=0x0000002bc2bf8130 mode 2
Event: 323.043 Thread 0x000001ebd381c4b0 Uncommon trap: trap_request=0xffffff45 fr.pc=0x000001eba06dfe64 relative=0x0000000000002a24
Event: 323.043 Thread 0x000001ebd381c4b0 Uncommon trap: reason=unstable_if action=reinterpret pc=0x000001eba06dfe64 method=java.util.concurrent.FutureTask.run()V @ 4 c2
Event: 323.043 Thread 0x000001ebd381c4b0 DEOPT PACKING pc=0x000001eba06dfe64 sp=0x0000002bb73fedf0
Event: 323.043 Thread 0x000001ebd381c4b0 DEOPT UNPACKING pc=0x000001eb9faa69a3 sp=0x0000002bb73fedf8 mode 2
Event: 323.077 Thread 0x000001ebcf9f46e0 Uncommon trap: trap_request=0xffffff45 fr.pc=0x000001eba12299a8 relative=0x0000000000000588
Event: 323.077 Thread 0x000001ebcf9f46e0 Uncommon trap: reason=unstable_if action=reinterpret pc=0x000001eba12299a8 method=com.android.tools.r8.graph.I2.a([C)I @ 131 c2
Event: 323.077 Thread 0x000001ebcf9f46e0 DEOPT PACKING pc=0x000001eba12299a8 sp=0x0000002bc77fd980
Event: 323.077 Thread 0x000001ebcf9f46e0 DEOPT UNPACKING pc=0x000001eb9faa69a3 sp=0x0000002bc77fd8f8 mode 2
Event: 324.150 Thread 0x000001ebd52341a0 DEOPT PACKING pc=0x000001eb9d61b590 sp=0x0000002bc2bf8780
Event: 324.150 Thread 0x000001ebd52341a0 DEOPT UNPACKING pc=0x000001eb9faa7143 sp=0x0000002bc2bf7d40 mode 0

Classes unloaded (20 events):
Event: 324.157 Thread 0x000001ebaef36da0 Unloading class 0x000001ebb23ea7d0 '_BuildScript_$_run_closure3'
Event: 324.157 Thread 0x000001ebaef36da0 Unloading class 0x000001ebb23ea3e8 '_BuildScript_$_run_closure2'
Event: 324.157 Thread 0x000001ebaef36da0 Unloading class 0x000001ebb23ea000 '_BuildScript_$_run_closure1'
Event: 324.157 Thread 0x000001ebaef36da0 Unloading class 0x000001ebb23e9800 '_BuildScript_'
Event: 324.157 Thread 0x000001ebaef36da0 Unloading class 0x000001ebb23e73e8 '_BuildScript_$_run_closure1$_closure3'
Event: 324.157 Thread 0x000001ebaef36da0 Unloading class 0x000001ebb23e7000 '_BuildScript_$_run_closure1$_closure2'
Event: 324.157 Thread 0x000001ebaef36da0 Unloading class 0x000001ebb23e2c00 '_BuildScript_$_run_closure1'
Event: 324.157 Thread 0x000001ebaef36da0 Unloading class 0x000001ebb23e6800 '_BuildScript_'
Event: 324.157 Thread 0x000001ebaef36da0 Unloading class 0x000001ebb23defa0 '_BuildScript_$_run_closure4'
Event: 324.157 Thread 0x000001ebaef36da0 Unloading class 0x000001ebb23debb8 '_BuildScript_$_run_closure3'
Event: 324.157 Thread 0x000001ebaef36da0 Unloading class 0x000001ebb23de7d0 '_BuildScript_$_run_closure2$_closure11'
Event: 324.157 Thread 0x000001ebaef36da0 Unloading class 0x000001ebb23de3e8 '_BuildScript_$_run_closure2'
Event: 324.157 Thread 0x000001ebaef36da0 Unloading class 0x000001ebb23de000 '_BuildScript_$_run_closure1$_closure8$_closure10'
Event: 324.157 Thread 0x000001ebaef36da0 Unloading class 0x000001ebb23ddbb8 '_BuildScript_$_run_closure1$_closure8'
Event: 324.157 Thread 0x000001ebaef36da0 Unloading class 0x000001ebb23dd7d0 '_BuildScript_$_run_closure1$_closure7'
Event: 324.157 Thread 0x000001ebaef36da0 Unloading class 0x000001ebb23dd3e8 '_BuildScript_$_run_closure1$_closure6'
Event: 324.157 Thread 0x000001ebaef36da0 Unloading class 0x000001ebb23dd000 '_BuildScript_$_run_closure1$_closure5$_closure9'
Event: 324.157 Thread 0x000001ebaef36da0 Unloading class 0x000001ebb23dc938 '_BuildScript_$_run_closure1$_closure5'
Event: 324.157 Thread 0x000001ebaef36da0 Unloading class 0x000001ebb23dc550 '_BuildScript_$_run_closure1'
Event: 324.157 Thread 0x000001ebaef36da0 Unloading class 0x000001ebb23dc000 '_BuildScript_'

Classes redefined (0 events):
No events

Internal exceptions (20 events):
Event: 323.312 Thread 0x000001ebd6e54bb0 Exception <a 'sun/nio/fs/WindowsException'{0x00000000b65c4de8}> (0x00000000b65c4de8) 
thrown [s\src\hotspot\share\prims\jni.cpp, line 516]
Event: 323.313 Thread 0x000001ebd6e54bb0 Exception <a 'sun/nio/fs/WindowsException'{0x00000000b64016a8}> (0x00000000b64016a8) 
thrown [s\src\hotspot\share\prims\jni.cpp, line 516]
Event: 323.315 Thread 0x000001ebd6e54bb0 Exception <a 'sun/nio/fs/WindowsException'{0x00000000b64bf460}> (0x00000000b64bf460) 
thrown [s\src\hotspot\share\prims\jni.cpp, line 516]
Event: 323.316 Thread 0x000001ebd6e54bb0 Exception <a 'sun/nio/fs/WindowsException'{0x00000000b64c1d70}> (0x00000000b64c1d70) 
thrown [s\src\hotspot\share\prims\jni.cpp, line 516]
Event: 323.318 Thread 0x000001ebd6e54bb0 Exception <a 'sun/nio/fs/WindowsException'{0x00000000b63600f0}> (0x00000000b63600f0) 
thrown [s\src\hotspot\share\prims\jni.cpp, line 516]
Event: 323.319 Thread 0x000001ebd6e54bb0 Exception <a 'sun/nio/fs/WindowsException'{0x00000000b63c03e8}> (0x00000000b63c03e8) 
thrown [s\src\hotspot\share\prims\jni.cpp, line 516]
Event: 323.320 Thread 0x000001ebd6e54bb0 Exception <a 'sun/nio/fs/WindowsException'{0x00000000b62020f0}> (0x00000000b62020f0) 
thrown [s\src\hotspot\share\prims\jni.cpp, line 516]
Event: 323.322 Thread 0x000001ebd6e54bb0 Exception <a 'sun/nio/fs/WindowsException'{0x00000000b6262628}> (0x00000000b6262628) 
thrown [s\src\hotspot\share\prims\jni.cpp, line 516]
Event: 323.323 Thread 0x000001ebd6e54bb0 Exception <a 'sun/nio/fs/WindowsException'{0x00000000b62c27a8}> (0x00000000b62c27a8) 
thrown [s\src\hotspot\share\prims\jni.cpp, line 516]
Event: 323.325 Thread 0x000001ebd6e54bb0 Exception <a 'sun/nio/fs/WindowsException'{0x00000000b615fff8}> (0x00000000b615fff8) 
thrown [s\src\hotspot\share\prims\jni.cpp, line 516]
Event: 323.327 Thread 0x000001ebd6e54bb0 Exception <a 'sun/nio/fs/WindowsException'{0x00000000b61c0210}> (0x00000000b61c0210) 
thrown [s\src\hotspot\share\prims\jni.cpp, line 516]
Event: 323.328 Thread 0x000001ebd6e54bb0 Exception <a 'sun/nio/fs/WindowsException'{0x00000000b6001f88}> (0x00000000b6001f88) 
thrown [s\src\hotspot\share\prims\jni.cpp, line 516]
Event: 323.330 Thread 0x000001ebd6e54bb0 Exception <a 'sun/nio/fs/WindowsException'{0x00000000b60bfed8}> (0x00000000b60bfed8) 
thrown [s\src\hotspot\share\prims\jni.cpp, line 516]
Event: 323.332 Thread 0x000001ebd6e54bb0 Exception <a 'sun/nio/fs/WindowsException'{0x00000000b5f5f948}> (0x00000000b5f5f948) 
thrown [s\src\hotspot\share\prims\jni.cpp, line 516]
Event: 323.333 Thread 0x000001ebd6e54bb0 Exception <a 'sun/nio/fs/WindowsException'{0x00000000b5fbfd90}> (0x00000000b5fbfd90) 
thrown [s\src\hotspot\share\prims\jni.cpp, line 516]
Event: 323.335 Thread 0x000001ebd6e54bb0 Exception <a 'sun/nio/fs/WindowsException'{0x00000000b5e5f5c8}> (0x00000000b5e5f5c8) 
thrown [s\src\hotspot\share\prims\jni.cpp, line 516]
Event: 323.337 Thread 0x000001ebd6e54bb0 Exception <a 'sun/nio/fs/WindowsException'{0x00000000b5d00508}> (0x00000000b5d00508) 
thrown [s\src\hotspot\share\prims\jni.cpp, line 516]
Event: 323.340 Thread 0x000001ebd6e54bb0 Exception <a 'sun/nio/fs/WindowsException'{0x00000000b5d81748}> (0x00000000b5d81748) 
thrown [s\src\hotspot\share\prims\jni.cpp, line 516]
Event: 323.342 Thread 0x000001ebd6e54bb0 Exception <a 'sun/nio/fs/WindowsException'{0x00000000b5c02010}> (0x00000000b5c02010) 
thrown [s\src\hotspot\share\prims\jni.cpp, line 516]
Event: 325.949 Thread 0x000001ebd6e54bb0 Exception <a 'sun/nio/fs/WindowsException'{0x00000000d0e76b00}> (0x00000000d0e76b00) 
thrown [s\src\hotspot\share\prims\jni.cpp, line 516]

VM Operations (20 events):
Event: 322.109 Executing VM operation: G1CollectForAllocation done
Event: 322.110 Executing VM operation: G1CollectForAllocation
Event: 322.120 Executing VM operation: G1CollectForAllocation done
Event: 322.266 Executing VM operation: G1CollectForAllocation
Event: 322.278 Executing VM operation: G1CollectForAllocation done
Event: 322.376 Executing VM operation: G1TryInitiateConcMark
Event: 322.385 Executing VM operation: G1TryInitiateConcMark done
Event: 322.607 Executing VM operation: G1CollectForAllocation
Event: 322.615 Executing VM operation: G1CollectForAllocation done
Event: 322.816 Executing VM operation: G1CollectForAllocation
Event: 322.828 Executing VM operation: G1CollectForAllocation done
Event: 322.963 Executing VM operation: G1CollectForAllocation
Event: 322.971 Executing VM operation: G1CollectForAllocation done
Event: 323.137 Executing VM operation: G1CollectForAllocation
Event: 323.149 Executing VM operation: G1CollectForAllocation done
Event: 323.342 Executing VM operation: G1PauseRemark
Event: 325.944 Executing VM operation: G1PauseRemark done
Event: 325.944 Executing VM operation: HandshakeAllThreads
Event: 325.950 Executing VM operation: HandshakeAllThreads done
Event: 325.950 Executing VM operation: G1CollectForAllocation

Events (20 events):
Event: 322.193 Thread 0x000001ebd6e57e50 Thread added: 0x000001ebd6e57e50
Event: 322.193 Thread 0x000001ebd6e546a0 Thread added: 0x000001ebd6e546a0
Event: 323.084 loading class java/util/concurrent/ForkJoinTask$AdaptedCallable
Event: 323.089 loading class java/util/concurrent/ForkJoinTask$AdaptedCallable done
Event: 323.090 loading class java/util/concurrent/ForkJoinPool$DefaultForkJoinWorkerThreadFactory$1
Event: 323.091 loading class java/util/concurrent/ForkJoinPool$DefaultForkJoinWorkerThreadFactory$1 done
Event: 323.091 Thread 0x000001ebd2fa3f00 Thread added: 0x000001ebd2fa3f00
Event: 323.102 Thread 0x000001ebd2fa4e30 Thread added: 0x000001ebd2fa4e30
Event: 323.105 Thread 0x000001ebd6cff720 Thread added: 0x000001ebd6cff720
Event: 323.119 Thread 0x000001ebd6d04820 Thread added: 0x000001ebd6d04820
Event: 323.122 Thread 0x000001ebe0ae6340 Thread added: 0x000001ebe0ae6340
Event: 323.123 Thread 0x000001ebcf9f41d0 Thread added: 0x000001ebcf9f41d0
Event: 323.124 Thread 0x000001ebd2474f00 Thread added: 0x000001ebd2474f00
Event: 323.125 Thread 0x000001ebd381e820 Thread added: 0x000001ebd381e820
Event: 323.129 Thread 0x000001ebe867a490 Thread added: 0x000001ebe867a490
Event: 325.944 Thread 0x000001ebd70162b0 Thread added: 0x000001ebd70162b0
Event: 325.944 Thread 0x000001ebe8679560 Thread added: 0x000001ebe8679560
Event: 325.947 Thread 0x000001ebd6e53260 Thread exited: 0x000001ebd6e53260
Event: 325.948 Thread 0x000001ebcf9fb640 Thread exited: 0x000001ebcf9fb640
Event: 325.949 Thread 0x000001ebe0ae2170 Thread exited: 0x000001ebe0ae2170


Dynamic libraries:
0x00007ff634bd0000 - 0x00007ff634bde000 	C:\Users\ASUS\AppData\Local\Programs\Eclipse Adoptium\jdk-17.0.11.9-hotspot\bin\java.exe
0x00007ffb23aa0000 - 0x00007ffb23d08000 	C:\WINDOWS\SYSTEM32\ntdll.dll
0x00007ffb21d50000 - 0x00007ffb21e19000 	C:\WINDOWS\System32\KERNEL32.DLL
0x00007ffb210b0000 - 0x00007ffb2149d000 	C:\WINDOWS\System32\KERNELBASE.dll
0x00007ffb20e30000 - 0x00007ffb20f7b000 	C:\WINDOWS\System32\ucrtbase.dll
0x00007ffb0ab20000 - 0x00007ffb0ab37000 	C:\Users\ASUS\AppData\Local\Programs\Eclipse Adoptium\jdk-17.0.11.9-hotspot\bin\jli.dll
0x00007ffb02630000 - 0x00007ffb0264b000 	C:\Users\ASUS\AppData\Local\Programs\Eclipse Adoptium\jdk-17.0.11.9-hotspot\bin\VCRUNTIME140.dll
0x00007ffb22720000 - 0x00007ffb228ec000 	C:\WINDOWS\System32\USER32.dll
0x00007ffb214a0000 - 0x00007ffb214c7000 	C:\WINDOWS\System32\win32u.dll
0x00007ffb08600000 - 0x00007ffb0889a000 	C:\WINDOWS\WinSxS\amd64_microsoft.windows.common-controls_6595b64144ccf1df_6.0.26100.4484_none_3e0e6d4ce32ef3b3\COMCTL32.dll
0x00007ffb229f0000 - 0x00007ffb22a1b000 	C:\WINDOWS\System32\GDI32.dll
0x00007ffb22a90000 - 0x00007ffb22b39000 	C:\WINDOWS\System32\msvcrt.dll
0x00007ffb21700000 - 0x00007ffb21837000 	C:\WINDOWS\System32\gdi32full.dll
0x00007ffb21650000 - 0x00007ffb216f3000 	C:\WINDOWS\System32\msvcp_win.dll
0x00007ffb226e0000 - 0x00007ffb2270f000 	C:\WINDOWS\System32\IMM32.DLL
0x00007ffb0e940000 - 0x00007ffb0e94c000 	C:\Users\ASUS\AppData\Local\Programs\Eclipse Adoptium\jdk-17.0.11.9-hotspot\bin\vcruntime140_1.dll
0x00007ffadc050000 - 0x00007ffadc0dd000 	C:\Users\ASUS\AppData\Local\Programs\Eclipse Adoptium\jdk-17.0.11.9-hotspot\bin\msvcp140.dll
0x00007ffa522a0000 - 0x00007ffa52f02000 	C:\Users\ASUS\AppData\Local\Programs\Eclipse Adoptium\jdk-17.0.11.9-hotspot\bin\server\jvm.dll
0x00007ffb21eb0000 - 0x00007ffb21f64000 	C:\WINDOWS\System32\ADVAPI32.dll
0x00007ffb22600000 - 0x00007ffb226a6000 	C:\WINDOWS\System32\sechost.dll
0x00007ffb22b40000 - 0x00007ffb22c58000 	C:\WINDOWS\System32\RPCRT4.dll
0x00007ffaface0000 - 0x00007ffafacea000 	C:\WINDOWS\SYSTEM32\WSOCK32.dll
0x00007ffb20a40000 - 0x00007ffb20a9e000 	C:\WINDOWS\SYSTEM32\POWRPROF.dll
0x00007ffb21cc0000 - 0x00007ffb21d34000 	C:\WINDOWS\System32\WS2_32.dll
0x00007ffb17bd0000 - 0x00007ffb17c05000 	C:\WINDOWS\SYSTEM32\WINMM.dll
0x00007ffb191f0000 - 0x00007ffb191fb000 	C:\WINDOWS\SYSTEM32\VERSION.dll
0x00007ffb20a20000 - 0x00007ffb20a34000 	C:\WINDOWS\SYSTEM32\UMPDC.dll
0x00007ffb1f990000 - 0x00007ffb1f9ab000 	C:\WINDOWS\SYSTEM32\kernel.appcore.dll
0x00007ffb0ad10000 - 0x00007ffb0ad1a000 	C:\Users\ASUS\AppData\Local\Programs\Eclipse Adoptium\jdk-17.0.11.9-hotspot\bin\jimage.dll
0x00007ffb1e390000 - 0x00007ffb1e5d1000 	C:\WINDOWS\SYSTEM32\DBGHELP.DLL
0x00007ffb21930000 - 0x00007ffb21cb6000 	C:\WINDOWS\System32\combase.dll
0x00007ffb21840000 - 0x00007ffb21920000 	C:\WINDOWS\System32\OLEAUT32.dll
0x00007ffb01c10000 - 0x00007ffb01c53000 	C:\WINDOWS\SYSTEM32\dbgcore.DLL
0x00007ffb21010000 - 0x00007ffb210a9000 	C:\WINDOWS\System32\bcryptPrimitives.dll
0x00007ffaff0c0000 - 0x00007ffaff0ce000 	C:\Users\ASUS\AppData\Local\Programs\Eclipse Adoptium\jdk-17.0.11.9-hotspot\bin\instrument.dll
0x00007ffaff3a0000 - 0x00007ffaff3c5000 	C:\Users\ASUS\AppData\Local\Programs\Eclipse Adoptium\jdk-17.0.11.9-hotspot\bin\java.dll
0x00007ffad4ab0000 - 0x00007ffad4b87000 	C:\Users\ASUS\AppData\Local\Programs\Eclipse Adoptium\jdk-17.0.11.9-hotspot\bin\jsvml.dll
0x00007ffb231a0000 - 0x00007ffb238ea000 	C:\WINDOWS\System32\SHELL32.dll
0x00007ffb214d0000 - 0x00007ffb21644000 	C:\WINDOWS\System32\wintypes.dll
0x00007ffb1e800000 - 0x00007ffb1f05b000 	C:\WINDOWS\SYSTEM32\windows.storage.dll
0x00007ffb228f0000 - 0x00007ffb229e5000 	C:\WINDOWS\System32\SHCORE.dll
0x00007ffb22a20000 - 0x00007ffb22a8a000 	C:\WINDOWS\System32\shlwapi.dll
0x00007ffb20b00000 - 0x00007ffb20b2f000 	C:\WINDOWS\SYSTEM32\profapi.dll
0x00007ffaff1e0000 - 0x00007ffaff1f8000 	C:\Users\ASUS\AppData\Local\Programs\Eclipse Adoptium\jdk-17.0.11.9-hotspot\bin\zip.dll
0x00007ffaff380000 - 0x00007ffaff399000 	C:\Users\ASUS\AppData\Local\Programs\Eclipse Adoptium\jdk-17.0.11.9-hotspot\bin\net.dll
0x00007ffb19ea0000 - 0x00007ffb19fbe000 	C:\WINDOWS\SYSTEM32\WINHTTP.dll
0x00007ffb1ff20000 - 0x00007ffb1ff8a000 	C:\WINDOWS\system32\mswsock.dll
0x00007ffaff360000 - 0x00007ffaff376000 	C:\Users\ASUS\AppData\Local\Programs\Eclipse Adoptium\jdk-17.0.11.9-hotspot\bin\nio.dll
0x00007ffb0aa90000 - 0x00007ffb0aaa0000 	C:\Users\ASUS\AppData\Local\Programs\Eclipse Adoptium\jdk-17.0.11.9-hotspot\bin\verify.dll
0x00007ffb05db0000 - 0x00007ffb05dd7000 	C:\Users\ASUS\.gradle\native\1def1411415f61bf3af743bc5b6707747c0891f09f0c88961ee8f79bc544acac\windows-amd64\native-platform.dll
0x00007ffada370000 - 0x00007ffada3e8000 	C:\Users\ASUS\.gradle\native\0.2.7\x86_64-windows-gnu\gradle-fileevents.dll
0x00007ffb094a0000 - 0x00007ffb094a9000 	C:\Users\ASUS\AppData\Local\Programs\Eclipse Adoptium\jdk-17.0.11.9-hotspot\bin\management.dll
0x00007ffb053c0000 - 0x00007ffb053cb000 	C:\Users\ASUS\AppData\Local\Programs\Eclipse Adoptium\jdk-17.0.11.9-hotspot\bin\management_ext.dll
0x00007ffb21d40000 - 0x00007ffb21d48000 	C:\WINDOWS\System32\PSAPI.DLL
0x00007ffb1f430000 - 0x00007ffb1f463000 	C:\WINDOWS\SYSTEM32\IPHLPAPI.DLL
0x00007ffb225f0000 - 0x00007ffb225fa000 	C:\WINDOWS\System32\NSI.dll
0x00007ffb1a5f0000 - 0x00007ffb1a60f000 	C:\WINDOWS\SYSTEM32\dhcpcsvc6.DLL
0x00007ffb1a5c0000 - 0x00007ffb1a5e5000 	C:\WINDOWS\SYSTEM32\dhcpcsvc.DLL
0x00007ffb1f470000 - 0x00007ffb1f596000 	C:\WINDOWS\SYSTEM32\DNSAPI.dll
0x00007ffb05280000 - 0x00007ffb05289000 	C:\Users\ASUS\AppData\Local\Programs\Eclipse Adoptium\jdk-17.0.11.9-hotspot\bin\extnet.dll
0x00007ffb201e0000 - 0x00007ffb201fb000 	C:\WINDOWS\SYSTEM32\CRYPTSP.dll
0x00007ffb1f8f0000 - 0x00007ffb1f92b000 	C:\WINDOWS\system32\rsaenh.dll
0x00007ffb1ffc0000 - 0x00007ffb1ffeb000 	C:\WINDOWS\SYSTEM32\USERENV.dll
0x00007ffb20ad0000 - 0x00007ffb20af6000 	C:\WINDOWS\SYSTEM32\bcrypt.dll
0x00007ffb201d0000 - 0x00007ffb201dc000 	C:\WINDOWS\SYSTEM32\CRYPTBASE.dll
0x00007ffafda70000 - 0x00007ffafda7e000 	C:\Users\ASUS\AppData\Local\Programs\Eclipse Adoptium\jdk-17.0.11.9-hotspot\bin\sunmscapi.dll
0x00007ffb20cb0000 - 0x00007ffb20e27000 	C:\WINDOWS\System32\CRYPT32.dll
0x00007ffb203f0000 - 0x00007ffb20420000 	C:\WINDOWS\SYSTEM32\ncrypt.dll
0x00007ffb203a0000 - 0x00007ffb203df000 	C:\WINDOWS\SYSTEM32\NTASN1.dll
0x00007ffaf4df0000 - 0x00007ffaf4df8000 	C:\WINDOWS\system32\wshunix.dll
0x00007ffb1a4f0000 - 0x00007ffb1a4fb000 	C:\Windows\System32\rasadhlp.dll
0x00007ffb1a7a0000 - 0x00007ffb1a826000 	C:\WINDOWS\System32\fwpuclnt.dll
0x00007ffafb3b0000 - 0x00007ffafb3c8000 	C:\WINDOWS\system32\napinsp.dll
0x00007ffafb200000 - 0x00007ffafb212000 	C:\WINDOWS\System32\winrnr.dll
0x00007ffafb1c0000 - 0x00007ffafb1f0000 	C:\WINDOWS\system32\nlansp_c.dll
0x00007ffb19250000 - 0x00007ffb19270000 	C:\WINDOWS\system32\wshbth.dll
0x00007ffb0f910000 - 0x00007ffb0f92e000 	C:\Users\ASUS\AppData\Local\Temp\native-platform10201699750218931568dir\native-platform.dll
0x00007ffb0f900000 - 0x00007ffb0f907000 	C:\Users\ASUS\AppData\Local\Programs\Eclipse Adoptium\jdk-17.0.11.9-hotspot\bin\rmi.dll
0x00007ffb1fac0000 - 0x00007ffb1faf6000 	C:\WINDOWS\SYSTEM32\ntmarta.dll

dbghelp: loaded successfully - version: 4.0.5 - missing functions: none
symbol engine: initialized successfully - sym options: 0x614 - pdb path: .;C:\Users\ASUS\AppData\Local\Programs\Eclipse Adoptium\jdk-17.0.11.9-hotspot\bin;C:\WINDOWS\SYSTEM32;C:\WINDOWS\WinSxS\amd64_microsoft.windows.common-controls_6595b64144ccf1df_6.0.26100.4484_none_3e0e6d4ce32ef3b3;C:\Users\ASUS\AppData\Local\Programs\Eclipse Adoptium\jdk-17.0.11.9-hotspot\bin\server;C:\Users\ASUS\.gradle\native\1def1411415f61bf3af743bc5b6707747c0891f09f0c88961ee8f79bc544acac\windows-amd64;C:\Users\ASUS\.gradle\native\0.2.7\x86_64-windows-gnu;C:\Users\ASUS\AppData\Local\Temp\native-platform10201699750218931568dir

VM Arguments:
jvm_args: --add-opens=java.base/java.lang=ALL-UNNAMED --add-opens=java.base/java.lang.invoke=ALL-UNNAMED --add-opens=java.base/java.util=ALL-UNNAMED --add-opens=java.prefs/java.util.prefs=ALL-UNNAMED --add-exports=jdk.compiler/com.sun.tools.javac.api=ALL-UNNAMED --add-exports=jdk.compiler/com.sun.tools.javac.util=ALL-UNNAMED --add-opens=java.base/java.util=ALL-UNNAMED --add-opens=java.prefs/java.util.prefs=ALL-UNNAMED --add-opens=java.base/java.nio.charset=ALL-UNNAMED --add-opens=java.base/java.net=ALL-UNNAMED --add-opens=java.base/java.util.concurrent.atomic=ALL-UNNAMED --add-opens=java.xml/javax.xml.namespace=ALL-UNNAMED -XX:MaxMetaspaceSize=512m -Xmx2048m -Dfile.encoding=windows-1252 -Duser.country=IN -Duser.language=en -Duser.variant -javaagent:C:\Users\ASUS\.gradle\wrapper\dists\gradle-8.13-bin\5xuhj0ry160q40clulazy9h7d\gradle-8.13\lib\agents\gradle-instrumentation-agent-8.13.jar 
java_command: org.gradle.launcher.daemon.bootstrap.GradleDaemon 8.13
java_class_path (initial): C:\Users\ASUS\.gradle\wrapper\dists\gradle-8.13-bin\5xuhj0ry160q40clulazy9h7d\gradle-8.13\lib\gradle-daemon-main-8.13.jar
Launcher Type: SUN_STANDARD

[Global flags]
     intx CICompilerCount                          = 12                                        {product} {ergonomic}
   size_t CompressedClassSpaceSize                 = 436207616                                 {product} {ergonomic}
     uint ConcGCThreads                            = 3                                         {product} {ergonomic}
     uint G1ConcRefinementThreads                  = 13                                        {product} {ergonomic}
   size_t G1HeapRegionSize                         = 1048576                                   {product} {ergonomic}
    uintx GCDrainStackTargetSize                   = 64                                        {product} {ergonomic}
   size_t InitialHeapSize                          = 257949696                                 {product} {ergonomic}
   size_t MarkStackSize                            = 4194304                                   {product} {ergonomic}
   size_t MaxHeapSize                              = 2147483648                                {product} {command line}
   size_t MaxMetaspaceSize                         = 536870912                                 {product} {command line}
   size_t MaxNewSize                               = 1287651328                                {product} {ergonomic}
   size_t MinHeapDeltaBytes                        = 1048576                                   {product} {ergonomic}
   size_t MinHeapSize                              = 8388608                                   {product} {ergonomic}
    uintx NonNMethodCodeHeapSize                   = 7602480                                {pd product} {ergonomic}
    uintx NonProfiledCodeHeapSize                  = 122027880                              {pd product} {ergonomic}
    uintx ProfiledCodeHeapSize                     = 122027880                              {pd product} {ergonomic}
    uintx ReservedCodeCacheSize                    = 251658240                              {pd product} {ergonomic}
     bool SegmentedCodeCache                       = true                                      {product} {ergonomic}
   size_t SoftMaxHeapSize                          = 2147483648                             {manageable} {ergonomic}
     bool UseCompressedClassPointers               = true                           {product lp64_product} {ergonomic}
     bool UseCompressedOops                        = true                           {product lp64_product} {ergonomic}
     bool UseG1GC                                  = true                                      {product} {ergonomic}
     bool UseLargePagesIndividualAllocation        = false                                  {pd product} {ergonomic}

Logging:
Log output configuration:
 #0: stdout all=warning uptime,level,tags
 #1: stderr all=off uptime,level,tags

Environment Variables:
JAVA_HOME=C:\Users\ASUS\AppData\Local\Programs\Eclipse Adoptium\jdk-17.0.11.9-hotspot\
CLASSPATH=C:\Users\ASUS\Desktop\UNIPOOL_2.0\unipool-new-frontend\android\\gradle\wrapper\gradle-wrapper.jar
PATH=C:\Users\ASUS\Desktop\UNIPOOL_2.0\unipool-new-frontend\node_modules\.bin;C:\Users\ASUS\Desktop\UNIPOOL_2.0\unipool-new-frontend\node_modules\.bin;C:\Users\ASUS\Desktop\UNIPOOL_2.0\node_modules\.bin;C:\Users\ASUS\Desktop\node_modules\.bin;C:\Users\ASUS\node_modules\.bin;C:\Users\node_modules\.bin;C:\node_modules\.bin;C:\Program Files\nodejs\node_modules\npm\node_modules\@npmcli\run-script\lib\node-gyp-bin;C:\Program Files\nodejs;C:\Program Files (x86)\Common Files\Oracle\Java\java8path;C:\Program Files (x86)\Common Files\Oracle\Java\javapath;C:\Program Files (x86)\Common Files\Intel\Shared Libraries\redist\intel64\compiler;C:\Windows\system32;C:\Windows;C:\Windows\System32\Wbem;C:\Windows\System32\WindowsPowerShell\v1.0\;C:\Windows\System32\OpenSSH\;C:\Program Files (x86)\NVIDIA Corporation\PhysX\Common;C:\Program Files\NVIDIA Corporation\NVIDIA NvDLISR;C:\Program Files\MATLAB\R2023b\bin;C:\WINDOWS\system32;C:\WINDOWS;C:\WINDOWS\System32\Wbem;C:\WINDOWS\System32\WindowsPowerShell\v1.0\;C:\WINDOWS\System32\OpenSSH\;C:\Program Files\Git\cmd;C:\Program Files\nodejs\;C:\Program Files\nodejs;C:\ProgramData\chocolatey\bin;C:\Program Files\Go\bin;C:\Program Files\Docker\Docker\resources\bin;C:\Program Files\Cloudflare\Cloudflare WARP\;C:\Users\ASUS\AppData\Local\Packages\PythonSoftwareFoundation.Python.3.11_qbz5n2kfra8p0\LocalCache\local-packages\Python311\Scripts;C:\Program Files\dotnet\;C:\Users\ASUS\.local\bin;C:\Program Files\MySQL\MySQL Shell 8.0\bin\;C:\Users\ASUS\AppData\Local\Programs\Python\Launcher\;C:\Users\ASUS\AppData\Local\Programs\Eclipse Adoptium\jdk-17.0.11.9-hotspot\bin;C:\Users\ASUS\AppData\Local\Microsoft\WindowsApps;C:\Users\ASUS\AppData\Local\Programs\Microsoft VS Code\bin;C:\Users\ASUS\AppData\Local\JetBrains\Toolbox\scripts;C:\MinGW\bin;C:\Users\ASUS\AppData\Local\GitHubDesktop\bin;C:\altera\13.0sp1\modelsim_ase\win32aloem;C:\Users\ASUS\AppData\Roaming\npm;C:\Users\ASUS\AppData\Roaming\Programs\Zero Install;C:\Users\ASUS\go\bin;C:\Users\ASUS\AppDat
USERNAME=ASUS
LANG=en_US.UTF-8
OS=Windows_NT
PROCESSOR_IDENTIFIER=AMD64 Family 25 Model 68 Stepping 1, AuthenticAMD
TMP=C:\Users\ASUS\AppData\Local\Temp
TEMP=C:\Users\ASUS\AppData\Local\Temp



Periodic native trim disabled


---------------  S Y S T E M  ---------------

OS:
 Windows 11 , 64 bit Build 26100 (10.0.26100.4484)
OS uptime: 8 days 20:20 hours
Hyper-V role detected

CPU: total 16 (initial active 16) (16 cores per cpu, 2 threads per core) family 25 model 68 stepping 1 microcode 0xa404102, cx8, cmov, fxsr, ht, mmx, 3dnowpref, sse, sse2, sse3, ssse3, sse4a, sse4.1, sse4.2, popcnt, lzcnt, tsc, tscinvbit, avx, avx2, aes, erms, clmul, bmi1, bmi2, adx, sha, fma, vzeroupper, clflush, clflushopt, hv
Processor Information for all 16 processors :
  Max Mhz: 3201, Current Mhz: 3201, Mhz Limit: 3201

Memory: 4k page, system-wide physical 15628M (1077M free)
TotalPageFile size 62732M (AvailPageFile size 129M)
current process WorkingSet (physical memory assigned to process): 1321M, peak: 1321M
current process commit charge ("private bytes"): 2041M, peak: 2219M

vm_info: OpenJDK 64-Bit Server VM (17.0.11+9) for windows-amd64 JRE (17.0.11+9), built on Apr 17 2024 06:07:48 by "admin" with MS VC++ 16.10 / 16.11 (VS2019)

END.
